giocatore,squadra,ruolo,ruolo_fine,minuti,TPI_totale,TPI_casa,TPI_trasferta,TPI_vs_top6,TPI_vs_forti,TPI_ext_totale,totale_output_adj,totale_centralita,totale_boost_ratio,totale_consistenza,casa_output_adj,trasferta_output_adj,vs_top6_output_adj,vs_forti_output_adj,goal_tot,xg_tot_conv,conv_ratio,finishing_quality,goal_minus_xg,xg_p90,xa_p90,sos,form_ewma,form_trend,eta,eta_index,partite_disponibili,partite_giocate,n_infortuni,giorni_out,affidabilita_fisica,rank_TPI,rank_TPI_ext,rank_output_adj,rank_conv,rank_eta,rank_affidabilita,z_totale_output_adj,z_totale_centralita,z_totale_boost_ratio,z_totale_consistenza,z_conv_ratio,z_finishing,z_eta_index,z_affidabilita_fisica
Pascal Groß,Brighton,CEN,MEDIANO,450.0,1.4993,1.548,1.548,1.5397,1.548,1.1443,0.3072,22.1951,,,,,,,2,0.99,2.02,1.0151,1.01,0.198,0.466,1.0173,0.6625,-0.002,35.27,0.1019,5,5,0,0,,1,1,82,6,265,136,3.0,2.2814,,,0.8876,2.227,-1.8508,
Erling Haaland,Manchester City,ATT,CENTRAVANTI,450.0,1.4731,0.8196,0.8196,0.827,0.8196,1.0511,0.5942,32.9636,,,,,,,5,4.76,1.05,0.11,0.24,0.952,0.126,1.0189,1.0972,0.018,26.17,0.5649,5,5,0,0,,2,2,1,37,129,136,3.0,2.7245,,,0.5207,0.4475,0.0671,
Martin Odegaard,Arsenal,CEN,MEZZALA,391.0,1.4169,1.322,1.322,1.3127,1.322,1.0322,0.2899,24.5414,,,,,,,2,1.08,1.852,0.8853,0.92,0.249,0.4535,1.1546,0.6095,-0.099,27.77,0.408,5,5,0,0,,3,4,83,8,184,136,2.9218,3.0,,,0.7044,1.979,-0.4196,
Mathis Cherki,Manchester City,ATT,TREQUARTISTA,313.0,1.269,1.7588,1.7588,1.7686,1.7588,1.037,0.5295,22.2435,,,,,,,3,1.06,2.83,1.8843,1.94,0.305,0.5348,1.0189,0.9509,-0.052,23.1,0.7498,5,5,0,0,,4,3,11,1,34,136,1.4981,0.4512,,,3.0,2.9533,1.0675,
Cole Palmer,Chelsea,ATT,TREQUARTISTA,445.0,0.9701,0.5077,0.5077,0.5152,0.5077,0.7791,0.5362,27.9583,,,,,,,2,1.81,1.105,0.1412,0.19,0.366,0.3721,0.9582,0.7439,0.001,24.38,0.7089,5,5,0,0,,5,5,8,33,73,136,1.6964,1.6631,,,0.6072,0.4916,0.8462,
Morgan Rogers,Chelsea,ATT,ALA,444.0,0.9196,1.1409,1.1409,1.1484,1.1409,0.7479,0.5201,26.096,,,,,,,3,1.45,2.069,1.2872,1.55,0.294,0.3669,0.9582,0.5617,-0.154,24.16,0.7206,5,5,0,0,,6,8,16,5,61,136,1.2184,1.2682,,,2.1242,2.1101,0.9095,
Bryan Mbeumo,Manchester United,ATT,ALA,450.0,0.9192,0.0571,0.0571,0.0645,0.0571,0.518,0.5404,27.8284,,,,,,,2,2.87,0.697,-0.5135,-0.87,0.574,0.242,1.0342,0.7538,-0.076,27.13,0.4726,5,5,0,0,,7,20,6,50,165,136,1.8224,1.6355,,,-0.0348,-0.433,-0.4323,
Alexander Isak,Liverpool,ATT,CENTRAVANTI,417.0,0.9022,0.6038,0.6038,0.6117,0.6038,0.6739,0.5414,30.0583,,,,,,,4,3.73,1.072,0.1398,0.27,0.805,0.0324,1.029,0.8583,0.059,27.01,0.4852,5,5,0,0,,8,10,5,35,158,136,1.8511,2.1084,,,0.5553,0.4896,-0.3642,
Leif Davis,Ipswich,DIF,TERZINO,450.0,0.8954,0.6251,0.6251,0.6271,0.6251,0.6321,0.2154,24.2368,,,,,,,2,1.76,1.136,0.1809,0.24,0.352,0.134,0.9836,0.458,-0.058,26.73,0.5117,5,5,0,0,,9,12,106,29,148,136,3.0,3.0,,,0.7034,0.9663,0.0442,
João Pedro,Chelsea,ATT,CENTRAVANTI,360.0,0.856,0.4369,0.4369,0.4451,0.4369,0.7253,0.5392,27.2975,,,,,,,3,2.52,1.19,0.3024,0.48,0.63,0.1875,0.9687,0.56,,24.99,0.6679,5,4,1,0,,10,9,7,25,91,136,1.7866,1.5229,,,0.741,0.7193,0.6244,
Joe Willock,Newcastle United,CEN,MEZZALA,292.0,0.8423,1.288,1.288,1.2767,1.288,0.5676,0.247,19.3514,,,,,,,2,0.87,2.299,1.2115,1.13,0.268,0.0986,0.8979,0.4597,0.033,27.09,0.4768,5,5,0,0,,11,16,87,3,163,136,1.1795,1.353,,,1.1918,2.6024,-0.0979,
Marcus Tavernier,Bournemouth,ATT,ALA,434.0,0.8044,0.9882,0.9882,1.0303,0.9882,0.5701,0.5223,26.7433,,,,,0.6132,,3,1.7,1.765,0.9971,1.3,0.353,0.3048,0.9328,0.6221,-0.03,27.51,0.4337,5,5,0,0,,12,15,14,14,174,136,1.283,1.4054,,,1.6458,1.7004,-0.6428,
Dan Ndoye,Nottingham Forest,ATT,ALA,332.0,0.7736,-0.0044,-0.0044,0.005,-0.0044,0.454,0.5453,27.5627,,,,,,,1,1.74,0.575,-0.561,-0.74,0.472,0.4608,1.0266,0.7213,-0.16,25.91,0.5893,5,5,0,0,,13,28,3,55,120,136,1.9656,1.5792,,,-0.2268,-0.5001,0.1991,
Brian Brobbey,Sunderland,ATT,CENTRAVANTI,404.0,0.7659,0.615,0.615,0.6231,0.615,0.7651,0.5349,25.9839,,,,,,,3,2.92,1.027,0.0468,0.08,0.65,0.1359,0.9991,0.9455,0.265,24.64,0.6928,5,5,0,0,,14,7,9,38,81,136,1.658,1.2444,,,0.4845,0.3583,0.7591,
Thierno Barry,Everton,ATT,CENTRAVANTI,425.0,0.7454,-0.1324,-0.1324,-0.1246,-0.1324,0.5528,0.5439,31.2225,,,,,,,2,3.85,0.519,-0.9428,-1.85,0.815,0.0635,1.0693,0.8712,-0.032,23.92,0.7313,5,5,0,0,,15,18,4,57,55,136,1.9261,2.3553,,,-0.3149,-1.0393,0.9674,
Maxim De Cuyper,Brighton,DIF,TERZINO,431.0,0.7444,0.3429,0.3429,0.3449,0.3429,0.5257,0.2227,19.5036,,,,,,,1,1.47,0.68,-0.3876,-0.47,0.307,0.2464,1.0173,0.627,0.106,25.75,0.6039,5,5,0,0,,16,19,99,52,116,136,3.0,2.0959,,,0.023,-0.345,0.4733,
Anthony Elanga,Newcastle United,ATT,ALA,241.0,0.7306,0.7314,0.7314,0.7518,0.7314,0.6603,,,,,,,,,2,0.42,,2.438,1.58,0.157,0.2539,0.9424,0.6222,,24.41,0.7071,5,3,0,0,,17,11,245,183,74,136,,,,,,3.0,0.8365,
Malick Yalcouyé,Brighton,ATT,TREQUARTISTA,237.0,0.7215,1.1127,1.1127,1.1239,1.1127,0.7678,0.5269,18.4993,,,,,,,2,1.44,1.389,0.4667,0.56,0.547,0.3646,1.0173,5.7536,0.426,20.85,0.7629,5,5,0,0,,18,6,12,22,23,136,1.4198,-0.3428,,,1.0541,0.9513,1.1384,
Phil Foden,Manchester City,CEN,MEZZALA,219.0,0.704,-0.8025,-0.8025,-0.8149,-0.8025,0.4362,0.3235,24.8135,,,,,,,0,1.56,0.0,-1.249,-1.56,0.641,0.5301,1.0031,0.1636,,26.32,0.5507,5,4,0,0,,19,29,81,77,133,136,3.0,3.0,,,-1.3149,-2.0998,0.2477,
Conor Gallagher,Tottenham,CEN,TREQUARTISTA,133.0,0.6988,0.6637,0.6637,0.6408,0.6637,0.5888,,,,,,,,,1,0.4,,0.9487,0.6,0.271,0.0,0.9521,34.2,,26.63,0.5212,5,3,0,0,,20,14,245,183,141,136,,,,,,2.1001,0.1097,
Tyrick Mitchell,Crystal Palace,DIF,QUINTO,430.0,0.6941,0.8547,0.8547,0.8567,0.8547,0.4683,0.1817,19.4802,,,,,,,2,1.03,1.942,0.9558,0.97,0.216,0.1214,1.0154,0.2289,-0.342,27.06,0.4799,5,5,0,0,,21,24,137,7,161,136,1.8969,2.0864,,,1.9061,2.7536,-0.1039,
Mohamed Belloumi,Hull,CEN,ESTERNO_C,408.0,0.6308,1.1902,1.1902,1.1812,1.1902,0.4812,0.2326,20.6704,,,,,,,2,0.95,2.105,1.0773,1.05,0.21,0.1125,1.132,0.3711,0.091,24.31,0.7128,5,5,0,0,,22,22,92,4,69,136,0.5937,1.7836,,,0.9802,2.3459,1.0056,
Lewis Hall,Newcastle United,DIF,TERZINO,450.0,0.6161,0.969,0.969,0.971,0.969,0.5545,0.1647,18.7244,,,,,,,1,0.32,,1.2021,0.68,0.064,0.152,0.8979,0.2619,0.212,22.04,0.7777,5,5,0,0,,23,17,147,183,4,136,1.0242,1.7804,,,,3.0,1.2823,
Josko Gvardiol,Manchester City,DIF,TERZINO,436.0,0.6034,0.9054,0.9054,0.9074,0.9054,0.4888,0.1671,15.0388,,,,,,,1,0.44,,0.8442,0.56,0.091,0.1693,1.0189,0.3376,0.326,24.67,0.6908,5,5,0,0,,24,21,144,183,84,136,1.1475,0.288,,,,2.4962,0.8778,
Emersonn,Ipswich,ATT,CENTRAVANTI,334.0,0.5982,0.674,0.674,0.6834,0.674,0.6317,0.5098,24.4983,,,,,,,2,1.36,1.471,0.5488,0.64,0.366,0.3018,0.9836,0.6705,-0.055,22.19,0.776,5,5,0,0,,25,13,18,18,10,136,0.9115,0.9293,,,1.1832,1.0672,1.2093,
Keane Lewis-Potter,Brentford,DIF,TERZINO,418.0,0.5643,0.303,0.303,0.3051,0.303,0.4079,0.1942,18.2774,,,,,,,1,1.15,0.87,-0.1399,-0.15,0.248,0.1636,1.0208,0.3552,-0.082,25.58,0.6191,5,5,0,0,,26,33,126,47,108,136,2.5449,1.5994,,,0.3065,0.2263,0.5441,
Jayden Bogle,Leeds,DIF,QUINTO,376.0,0.562,0.7084,0.7084,0.7107,0.7084,0.4095,0.1753,18.2828,,,,,,,2,1.26,1.587,0.6592,0.74,0.302,0.012,0.9901,0.2912,-0.186,26.16,0.5659,5,5,0,0,,27,31,138,17,128,136,1.5692,1.6016,,,1.3764,2.0695,0.2964,
Bukayo Saka,Arsenal,ATT,ALA,422.0,0.538,-0.065,-0.065,-0.0571,-0.065,0.4088,0.5222,28.2308,,,,,,,2,3.53,0.567,-0.8143,-1.53,0.753,0.0661,1.1546,0.8476,0.019,25.05,0.6633,5,5,0,0,,28,32,15,56,92,136,1.2797,1.7209,,,-0.2394,-0.8578,0.5995,
Marc Guehi,Manchester City,DIF,CENTRALE,450.0,0.5362,0.5717,0.5717,0.5737,0.5717,0.4632,0.1677,15.2124,,,,,,,1,0.71,1.408,0.3442,0.29,0.142,0.118,1.0189,0.3144,0.209,26.2,0.5621,5,5,0,0,,29,26,142,21,130,136,1.1748,0.3583,,,1.1093,1.3429,0.2788,
Bruno Fernandes,Manchester United,ATT,TREQUARTISTA,450.0,0.5341,0.0643,0.0643,0.0717,0.0643,0.2399,0.5045,23.7107,,,,,,,2,2.3,0.87,-0.1978,-0.3,0.46,0.17,1.0342,0.5253,-0.166,32.04,0.1591,5,5,0,0,,30,46,21,47,249,136,0.7536,0.7623,,,0.2374,0.0128,-2.1286,
Igor Jesus,Nottingham Forest,ATT,CENTRAVANTI,251.0,0.5307,0.3379,0.3379,0.3488,0.3379,0.465,0.5232,22.5824,,,,,,,1,2.25,0.444,-0.8333,-1.25,0.807,0.061,1.0266,1.527,0.044,25.57,0.62,5,5,0,0,,31,25,13,58,107,136,1.3103,0.523,,,-0.4329,-0.8847,0.3652,
Eddie Nketiah,Crystal Palace,ATT,TREQUARTISTA,186.0,0.515,-0.9106,-0.9106,-0.8988,-0.9106,0.2093,0.5803,28.3972,,,,,,,0,1.35,0.0,-1.1619,-1.35,0.653,0.8419,0.9541,0.0,,27.32,0.4529,5,4,0,0,,32,55,2,77,168,136,3.0,1.7561,,,-1.1316,-1.3487,-0.5389,
Dominic Calvert-Lewin,Leeds,ATT,CENTRAVANTI,424.0,0.5058,-0.141,-0.141,-0.1332,-0.141,0.2235,0.5302,29.6736,,,,,,,2,3.34,0.599,-0.7332,-1.34,0.709,0.034,0.9901,0.7049,-0.083,29.52,0.2668,5,5,0,0,,33,51,10,54,227,136,1.5175,2.0268,,,-0.189,-0.7433,-1.5459,
Bruno Guimarães,Arsenal,CEN,MEZZALA,122.0,0.4563,0.4213,0.4213,0.3984,0.4213,0.3627,,,,,,,,,1,0.08,,3.2527,0.92,0.059,0.0,1.1547,0.0,,28.85,0.3139,5,3,0,0,,34,35,245,183,207,136,,,,,,3.0,-0.8596,
Chema Andres,Brighton,CEN,MEDIANO,110.0,0.4484,0.4161,0.4161,0.3949,0.4161,0.4723,,,,,,,,,1,0.55,1.818,0.6068,0.45,0.45,0.0164,0.8583,0.5651,,21.41,0.7756,5,2,0,0,,35,23,245,10,14,136,,,,,0.6673,1.4468,1.2993,
Johan Manzambi,Aston Villa,ATT,TREQUARTISTA,103.0,0.447,0.4477,0.4477,0.4666,0.4477,0.463,,,,,,,,,1,0.86,1.163,0.151,0.14,0.751,0.3757,0.8682,1.4512,,20.94,0.7655,5,2,0,0,,36,27,245,27,21,136,,,,,0.6985,0.5054,1.1525,
Nordi Mukiele,Sunderland,DIF,TERZINO,360.0,0.4464,-0.1988,-0.1988,-0.1967,-0.1988,0.2066,0.1884,17.7325,,,,,,,0,1.13,0.0,-1.063,-1.13,0.283,0.0925,0.9339,0.42,,28.89,0.3108,5,4,0,0,,37,57,130,77,210,136,2.2448,1.3788,,,-0.9917,-1.9028,-0.891,
Ainsley Maitland-Niles,Everton,DIF,TERZINO,177.0,0.4464,0.4398,0.4398,0.4452,0.4398,0.3913,,,,,,,,,1,0.05,,4.2485,0.95,0.025,0.2186,1.0887,0.35,,29.07,0.2974,5,3,0,0,,37,34,245,183,219,136,,,,,,3.0,-0.9534,
Antoine Semenyo,Manchester City,ATT,ALA,450.0,0.4352,1.3625,1.3625,1.3699,1.3625,0.149,0.4541,17.4693,,,,,,,2,0.4,,2.5298,1.6,0.08,0.284,1.0189,0.3215,-0.117,26.71,0.5136,5,5,0,0,,39,70,58,183,147,136,-0.7424,-0.5612,,,,3.0,-0.2105,
Jay Dasilva,Coventry,DIF,QUINTO,446.0,0.4279,0.818,0.818,0.82,0.818,0.2387,0.1575,17.8789,,,,,,,1,0.4,,0.9487,0.6,0.081,0.0868,0.818,0.1916,0.152,28.42,0.3488,5,5,0,0,,40,47,154,183,193,136,0.6507,1.438,,,,2.7372,-0.7141,
Romeo Lavia,Chelsea,CEN,MEDIANO,273.0,0.4036,-0.2712,-0.2712,-0.2822,-0.2712,0.3624,0.2549,18.0239,,,,,,,1,1.23,0.813,-0.2074,-0.23,0.405,0.0593,0.9687,0.0,,22.71,0.7626,5,4,0,0,,41,36,85,49,24,136,1.5011,0.9196,,,-0.4285,-0.1092,1.2385,
Riccardo Calafiori,Arsenal,DIF,TERZINO,424.0,0.4023,-0.223,-0.223,-0.2209,-0.223,0.2169,0.1856,19.3109,,,,,,,0,0.81,0.0,-0.9,-0.81,0.172,0.2377,1.1546,0.305,-0.272,24.35,0.7106,5,5,0,0,,42,53,132,77,71,136,2.1011,2.0179,,,-0.9917,-1.5269,0.97,
Anan Khalaili,Crystal Palace,DIF,QUINTO,377.0,0.3755,0.3634,0.3634,0.3656,0.3634,0.4165,0.1657,16.9271,,,,,,,1,0.91,1.099,0.0943,0.09,0.217,0.0477,1.0154,0.2866,0.01,22.05,0.7776,5,5,0,0,,43,30,146,34,5,136,1.0752,1.0526,,,0.6482,0.7665,1.2819,
Jorrel Hato,Chelsea,DIF,CENTRALE,269.0,0.3706,-0.0936,-0.0936,-0.091,-0.0936,0.3146,0.1829,17.2262,,,,,,,0,0.03,,-0.1732,-0.03,0.01,0.4082,0.9687,0.0,,20.55,0.753,5,4,0,0,,44,38,135,183,30,136,1.9631,1.1737,,,,0.1495,1.1674,
Trai Hume,Sunderland,DIF,TERZINO,196.0,0.3631,0.2828,0.2828,0.2859,0.2828,0.3416,0.1719,15.8743,,,,,,,0,0.15,,-0.3873,-0.15,0.069,0.3765,1.0822,1.5,,24.52,0.7005,5,4,0,0,,45,37,139,183,76,136,1.3923,0.6263,,,,-0.3443,0.923,
Ao Tanaka,Leeds,CEN,MEZZALA,257.0,0.3598,-0.5661,-0.5661,-0.5775,-0.5661,0.1021,0.2646,21.1893,,,,,,,0,0.8,0.0,-0.8944,-0.8,0.28,0.3397,1.0844,0.1721,,28.04,0.3825,5,4,0,0,,46,82,84,77,189,136,1.8952,1.953,,,-1.3149,-1.4221,-0.5388,
Cody Gakpo,Liverpool,ATT,ALA,373.0,0.343,0.5542,0.5542,0.5628,0.5542,0.2134,0.4839,21.6608,,,,,,,1,0.54,1.852,0.626,0.46,0.13,0.3957,1.029,0.4579,-0.078,27.38,0.4468,5,5,0,0,,47,54,27,8,171,136,0.1443,0.3276,,,1.7827,1.1763,-0.5719,
Vitaly Janelt,Brentford,CEN,MEDIANO,450.0,0.3347,1.1344,1.1344,1.1261,1.1344,0.0621,0.217,14.3688,,,,,,,2,0.86,2.326,1.2293,1.14,0.172,0.034,1.0208,0.2063,0.001,28.37,0.3531,5,5,0,0,,48,89,104,2,192,136,-0.0384,-0.2736,,,1.2212,2.6364,-0.6763,
Andrew Robertson,Tottenham,DIF,TERZINO,367.0,0.3321,0.1162,0.1162,0.1185,0.1162,0.2214,0.1713,18.9961,,,,,,,0,0.1,,-0.3162,-0.1,0.025,0.2649,0.9757,0.2882,0.19,32.54,0.1469,5,5,0,0,,49,52,140,183,251,136,1.3634,1.8904,,,,-0.1803,-1.6539,
Jan Paul van Hecke,Tottenham,DIF,CENTRALE,450.0,0.3285,0.24,0.24,0.242,0.24,0.2715,0.1638,18.8278,,,,,,,1,1.04,0.962,-0.0392,-0.04,0.208,0.022,0.9757,0.2328,0.012,26.29,0.5536,5,5,0,0,,50,45,148,40,132,136,0.9737,1.8223,,,0.4438,0.4586,0.2392,
Granit Xhaka,Sunderland,CEN,MEDIANO,450.0,0.3116,0.0443,0.0443,0.036,0.0443,0.1607,0.2355,16.6506,,,,,,,0,0.06,,-0.2449,-0.06,0.012,0.282,0.9991,0.2874,-0.022,33.99,0.1201,5,5,0,0,,51,68,89,183,261,136,0.7127,0.4713,,,,-0.1809,-1.7657,
Gonzalo García,Fulham,ATT,CENTRAVANTI,428.0,0.3032,-0.2769,-0.2769,-0.2691,-0.2769,0.3089,0.505,26.6239,,,,,,,1,2.53,0.395,-0.9619,-1.53,0.532,0.122,1.0593,0.7302,0.107,23.62,0.7414,5,5,0,0,,52,39,20,60,50,136,0.7703,1.3801,,,-0.5101,-1.0663,1.0221,
Lucas Gourna Douath,Hull,CEN,MEZZALA,132.0,0.2804,0.2453,0.2453,0.2224,0.2453,0.3063,,,,,,,,,0,0.01,,-0.1,-0.01,0.007,0.0682,1.173,0.6429,,23.13,0.7496,5,3,0,0,,53,40,245,183,36,136,,,,,,0.096,1.1777,
Alex Scott,Bournemouth,CEN,MEDIANO,449.0,0.2786,0.5475,0.5475,-0.3713,0.5475,0.1401,0.226,16.6929,,,,,0.145,,1,0.61,1.639,0.4993,0.39,0.122,0.1082,0.9328,0.2099,-0.091,23.09,0.7498,5,5,0,0,,54,73,98,16,34,136,0.3291,0.4851,,,0.4722,1.2413,1.1786,
Jack Rudoni,Coventry,ATT,TREQUARTISTA,304.0,0.2714,-0.2012,-0.2012,-0.1913,-0.2012,0.2362,0.5153,24.9479,,,,,,,0,1.44,0.0,-1.2,-1.44,0.426,0.1747,0.818,0.9669,0.075,25.28,0.6449,5,5,0,0,,55,48,17,77,100,136,1.077,1.0247,,,-1.1316,-1.4026,0.4999,
Ryan Christie,Bournemouth,CEN,MEDIANO,95.0,0.2572,0.0876,0.0876,0.0721,0.0876,0.181,0.2488,15.3939,,,,,,,0,0.7,0.0,-0.8367,-0.7,0.663,0.0758,0.9467,0.84,,31.58,0.1723,5,4,0,0,,56,64,86,77,246,136,1.2551,0.061,,,-1.3149,-1.3119,-1.5217,
James McAtee,Nottingham Forest,CEN,MEZZALA,426.0,0.2493,-0.2216,-0.2216,-0.2303,-0.2216,0.2008,0.236,17.8951,,,,,,,0,0.32,,-0.5657,-0.32,0.068,0.2408,1.0266,0.2808,-0.075,23.93,0.7309,5,5,0,0,,57,59,88,183,57,136,0.7343,0.8776,,,,-0.794,1.0902,
Rio Ngumoha,Liverpool,ATT,ALA,97.0,0.2468,0.2476,0.2476,0.268,0.2476,0.2749,,,,,,,,,0,0.39,,-0.6245,-0.39,0.362,0.0,1.0098,1.8,,18.07,0.6505,5,3,0,0,,58,44,245,183,95,136,,,,,,-0.5898,0.5302,
Michael Kayode,Brentford,DIF,TERZINO,304.0,0.245,0.417,0.417,0.4196,0.417,0.2784,0.1658,14.1467,,,,,,,1,0.86,1.163,0.151,0.14,0.255,0.0355,1.0208,0.3305,0.111,22.2,0.7758,5,5,0,0,,59,42,145,27,12,136,1.0776,-0.0732,,,0.7437,0.8973,1.2735,
Matheus Cunha,Manchester United,ATT,TREQUARTISTA,417.0,0.2254,0.5941,0.5941,0.6021,0.5941,0.1317,0.479,19.9914,,,,,,,1,0.56,1.786,0.588,0.44,0.121,0.3777,1.0342,0.5125,0.04,27.33,0.4519,5,5,0,0,,60,76,35,12,170,136,-0.0023,-0.0264,,,1.6789,1.1226,-0.5443,
Semi Ajayi,Hull,DIF,CENTRALE,426.0,0.2219,0.3473,0.3473,0.3493,0.3473,0.161,0.1518,17.7941,,,,,,,1,0.95,1.053,0.0513,0.05,0.201,0.0,1.132,0.2838,0.174,32.87,0.1399,5,5,0,0,,61,67,161,36,255,136,0.3574,1.4037,,,0.5796,0.6673,-1.6865,
Kiernan Dewsbury-Hall,Everton,ATT,TREQUARTISTA,450.0,0.2205,-0.0216,-0.0216,-0.0142,-0.0216,0.1361,0.481,23.7547,,,,,,,1,1.46,0.685,-0.3807,-0.46,0.292,0.234,1.0693,0.5709,0.085,28.05,0.3816,5,5,0,0,,62,75,33,51,190,136,0.0573,0.7716,,,-0.0537,-0.2455,-0.9247,
Yasin Ayari,Brighton,CEN,MEDIANO,339.0,0.2147,0.4796,0.4796,0.47,0.4796,0.2793,0.2306,13.9604,,,,,,,1,0.88,1.136,0.1279,0.12,0.234,0.0372,0.957,0.41,,22.97,0.7515,5,4,0,0,,63,41,94,29,32,136,0.5161,-0.407,,,-0.0763,0.5315,1.1866,
Jeremie Frimpong,Liverpool,DIF,TERZINO,181.0,0.213,0.2064,0.2064,0.2118,0.2064,0.2027,,,,,,,,,0,0.01,,-0.1,-0.01,0.005,0.2735,1.0098,2.1176,,25.79,0.6003,5,3,0,0,,64,58,245,183,118,136,,,,,,0.3184,0.4566,
Patrick Dorgu,Manchester United,DIF,QUINTO,169.0,0.2079,-0.0337,-0.0337,-0.0304,-0.0337,0.1975,0.1819,14.6338,,,,,,,0,0.97,0.0,-0.9849,-0.97,0.517,0.0692,1.0342,1.0832,-0.186,21.91,0.7785,5,5,0,0,,65,60,136,77,3,136,1.9078,0.1241,,,-0.9917,-1.7227,1.2861,
Anton Stach,Leeds,CEN,MEZZALA,450.0,0.2064,0.1279,0.1279,0.1196,0.1279,0.14,0.2336,18.8029,,,,,,,1,1.12,0.893,-0.1134,-0.12,0.224,0.058,0.9901,0.2696,-0.044,27.85,0.4004,5,5,0,0,,66,74,91,45,185,136,0.6355,1.1739,,,-0.3412,0.0704,-0.4551,
Morgan Gibbs-White,Nottingham Forest,ATT,TREQUARTISTA,450.0,0.204,-0.3314,-0.3314,-0.3239,-0.3314,0.114,0.4906,24.2913,,,,,,,0,0.69,0.0,-0.8307,-0.69,0.138,0.416,1.0266,0.5786,0.044,26.66,0.5184,5,5,0,0,,67,80,24,77,144,136,0.3407,0.8854,,,-1.1316,-0.881,-0.1845,
Nico O'Reilly,Manchester City,DIF,TERZINO,162.0,0.1915,0.0355,0.0355,0.0387,0.0355,0.2337,0.1691,14.3166,,,,,,,0,0.72,0.0,-0.8485,-0.72,0.4,0.0333,1.0111,49.5,,21.51,0.7769,5,4,0,0,,68,49,141,77,8,136,1.2504,-0.0044,,,-0.9917,-1.4081,1.2786,
Ryan John Giles,Hull,DIF,TERZINO,447.0,0.1873,0.1251,0.1251,0.127,0.1251,0.1572,0.155,18.5273,,,,,,,0,0.03,,-0.1732,-0.03,0.006,0.2114,1.132,0.2054,-0.051,26.66,0.5184,5,5,0,0,,69,69,155,183,144,136,0.5215,1.7006,,,,0.1495,0.0753,
Neco Williams,Nottingham Forest,DIF,TERZINO,450.0,0.1788,-0.1961,-0.1961,-0.1941,-0.1961,0.0977,0.1587,16.0397,,,,,,,0,0.46,,-0.6782,-0.46,0.092,0.124,1.0266,0.2037,-0.057,25.45,0.6305,5,5,0,0,,70,83,151,183,104,136,0.7128,0.6933,,,,-1.0153,0.5971,
James Tarkowski,Everton,DIF,CENTRALE,450.0,0.1757,0.828,0.828,0.83,0.828,0.0058,0.1357,13.3391,,,,,,,1,0.15,,2.1947,0.85,0.03,0.072,1.0693,0.1327,0.301,33.84,0.1225,5,5,0,0,,71,108,184,183,259,136,-0.4731,-0.4002,,,,3.0,-1.7675,
Mateus Fernandes,Tottenham,CEN,MEZZALA,257.0,0.1728,-0.0979,-0.0979,-0.1101,-0.0979,0.2325,0.234,17.481,,,,,,,0,0.17,,-0.4123,-0.17,0.06,0.2591,0.9757,0.2761,0.004,22.2,0.7758,5,5,0,0,,72,50,90,183,12,136,0.6525,0.7424,,,,-0.5008,1.3002,
Yoane Wissa,Newcastle United,ATT,CENTRAVANTI,443.0,0.1628,-0.2081,-0.2081,-0.2006,-0.2081,0.0396,0.4911,26.2483,,,,,,,1,1.66,0.602,-0.5123,-0.66,0.337,0.1503,0.8979,0.4702,-0.043,30.05,0.2357,5,5,0,0,,73,95,23,53,234,136,0.3561,1.3004,,,-0.1843,-0.4313,-1.7141,
Nicolas Jackson,Aston Villa,ATT,CENTRAVANTI,298.0,0.1586,0.4962,0.4962,0.5056,0.4962,0.1748,0.4799,21.15,,,,,,,1,0.8,1.25,0.2236,0.2,0.242,0.1601,0.8204,0.71,,25.26,0.6465,5,4,0,0,,74,65,34,24,97,136,0.0242,0.2193,,,0.8354,0.608,0.5086,
Nobel Mendy,Hull,DIF,CENTRALE,260.0,0.1556,0.337,0.337,0.3397,0.337,0.2067,0.149,16.6851,,,,,,,1,0.56,1.786,0.588,0.44,0.194,0.0,1.1295,0.0,,22.05,0.7776,5,4,0,0,,75,56,164,12,5,136,0.2144,0.9546,,,1.6733,1.9052,1.2819,
Jannik Schuster,Brentford,DIF,CENTRALE,254.0,0.1491,0.1424,0.1424,0.1478,0.1424,0.1868,,,,,,,,,0,0.11,,-0.3317,-0.11,0.039,0.2941,1.0654,0.83,,20.36,0.7458,5,3,0,0,,76,63,245,183,46,136,,,,,,-0.2161,1.1338,
Joshua King,Fulham,ATT,TREQUARTISTA,428.0,0.1472,0.5044,0.5044,0.5121,0.5044,0.0442,0.4623,21.0136,,,,,,,2,1.36,1.471,0.5488,0.64,0.286,0.1325,1.0593,0.441,0.029,31.54,0.1735,5,5,0,0,,77,94,49,18,245,136,-0.4988,0.1904,,,1.1832,1.0672,-2.0507,
Elliot Anderson,Manchester City,CEN,MEDIANO,418.0,0.1452,-0.0698,-0.0698,-0.0787,-0.0698,0.1746,0.2186,13.867,,,,,,,0,0.09,,-0.3,-0.09,0.019,0.1938,1.0189,0.2331,-0.05,23.88,0.7329,5,5,0,0,,78,66,101,183,54,136,0.0271,-0.4375,,,,-0.2862,1.0996,
Alex Iwobi,Fulham,ATT,ALA,416.0,0.1445,-0.2314,-0.2314,-0.2234,-0.2314,0.1212,0.4767,22.5665,,,,,,,0,0.68,0.0,-0.8246,-0.68,0.147,0.3505,1.0593,0.6743,0.237,30.39,0.2185,5,5,0,0,,79,77,37,77,239,136,-0.0715,0.5197,,,-1.1316,-0.8724,-1.8072,
Bobby Thomas,Coventry,DIF,CENTRALE,440.0,0.1359,-0.1736,-0.1736,-0.1716,-0.1736,0.0647,0.1594,18.0556,,,,,,,0,0.29,,-0.5385,-0.29,0.059,0.1166,0.818,0.1426,-0.171,25.65,0.6129,5,5,0,0,,80,88,150,183,111,136,0.7485,1.5096,,,,-0.6931,0.5152,
Abdul Fatawu,Ipswich,ATT,ALA,369.0,0.1343,0.0372,0.0372,0.0459,0.0372,0.1929,0.4838,22.3021,,,,,,,0,0.06,,-0.2449,-0.06,0.015,0.4878,0.9836,0.5323,0.058,,,5,5,0,0,,81,62,28,183,270,136,0.1407,0.4636,,,,-0.0537,,
Mohammed Kudus,Tottenham,ATT,ALA,110.0,0.1316,0.4146,0.4146,0.4281,0.4146,0.1161,0.4831,16.9077,,,,,,,0,0.13,,-0.3606,-0.13,0.106,0.45,0.9905,1.15,,26.14,0.5678,5,4,0,0,,82,79,29,183,127,136,0.1192,-0.6803,,,,-0.2171,0.0828,
Jorge Cuenca,Fulham,DIF,CENTRALE,90.0,0.1241,0.1182,0.1182,0.123,0.1182,0.119,,,,,,,,,0,0.0,,,0.0,0.0,0.24,1.2589,0.24,,26.85,0.5003,5,1,0,0,,83,78,245,183,153,136,,,,,,,-0.0089,
Nilson Angulo,Sunderland,ATT,ALA,335.0,0.1211,0.5561,0.5561,0.5655,0.5561,0.2756,0.4741,17.602,,,,,,,1,0.7,1.429,0.3586,0.3,0.188,0.2633,0.9991,0.6768,0.449,23.26,0.7485,5,5,0,0,,84,43,43,20,41,136,-0.1475,-0.5331,,,1.1171,0.7986,1.0605,
Timothy Castagne,Fulham,DIF,TERZINO,412.0,0.1206,-0.3051,-0.3051,-0.303,-0.3051,-0.0488,0.1578,16.1548,,,,,,,0,0.65,0.0,-0.8062,-0.65,0.142,0.0808,1.0593,0.1723,-0.155,30.8,0.2003,5,5,0,0,,85,135,153,77,240,136,0.666,0.7399,,,-0.9917,-1.3105,-1.4053,
Julio Enciso,Ipswich,ATT,TREQUARTISTA,418.0,0.1203,-0.6186,-0.6186,-0.6107,-0.6186,-0.1154,0.4896,24.3937,,,,,,,0,1.34,0.0,-1.1576,-1.34,0.289,0.2411,0.9836,0.5046,-0.065,28.62,0.3321,5,5,0,0,,86,171,25,77,199,136,0.3135,0.9072,,,-1.1316,-1.3427,-1.1925,
Ross Barkley,Aston Villa,CEN,MEDIANO,316.0,0.1198,-0.3644,-0.3644,-0.3752,-0.3644,-0.0799,0.229,17.9232,,,,,,,0,0.32,,-0.5657,-0.32,0.091,0.1481,0.8672,0.1479,-0.17,32.8,0.1413,5,5,0,0,,87,150,95,183,254,136,0.4499,0.8867,,,,-0.794,-1.6666,
Boubacar Kamara,Aston Villa,CEN,MEDIANO,450.0,0.1131,-0.0339,-0.0339,-0.0422,-0.0339,0.1973,0.2172,18.1586,,,,,,,0,0.08,,-0.2828,-0.08,0.016,0.16,0.8672,0.2505,0.423,26.83,0.5022,5,5,0,0,,88,61,103,183,152,136,-0.0294,0.9636,,,,-0.2533,0.0209,
Luka Vuskovic,Brighton,DIF,CENTRALE,439.0,0.1014,0.2684,0.2684,0.2704,0.2684,0.1445,0.1528,12.4736,,,,,,,1,0.9,1.111,0.1054,0.1,0.185,0.0,1.0173,0.1769,-0.035,19.58,0.7122,5,5,0,0,,89,72,158,32,70,136,0.4065,-0.7506,,,0.6661,0.7921,0.9774,
Nico Elvedi,Leeds,DIF,CENTRALE,327.0,0.0917,-0.1313,-0.1313,-0.129,-0.1313,0.0205,0.1596,16.7116,,,,,,,0,0.15,,-0.3873,-0.15,0.041,0.2147,1.0844,0.09,,29.98,0.2395,5,4,0,0,,90,103,149,183,233,136,0.7616,0.9654,,,,-0.3443,-1.2229,
António Silva,Bournemouth,DIF,CENTRALE,450.0,0.0587,-0.4246,-0.4246,0.2153,-0.4246,-0.0668,0.1676,16.8919,,,,,0.1898,,0,1.19,0.0,-1.0909,-1.19,0.238,0.0,0.9328,0.2336,-0.018,27.15,0.4705,5,5,0,0,,91,143,143,77,166,136,1.1738,1.0384,,,-0.9917,-1.9672,-0.1476,
Maxence Lacroix,Chelsea,DIF,CENTRALE,362.0,0.0487,-0.1175,-0.1175,-0.1152,-0.1175,0.0696,0.1539,14.1106,,,,,,,0,0.3,,-0.5477,-0.3,0.075,0.1119,0.9582,0.1961,0.307,26.46,0.5374,5,5,0,0,,92,87,156,183,136,136,0.4679,-0.0878,,,,-0.7143,0.1638,
James Hill,Bournemouth,DIF,CENTRALE,450.0,0.0304,-0.1238,-0.1238,0.2198,-0.1238,-0.0368,0.1488,14.7027,,,,,0.1685,,0,0.0,,,0.0,0.0,0.15,0.9328,0.0817,-0.455,24.7,0.6888,5,5,0,0,,93,125,166,183,85,136,0.2013,0.1519,,,,,0.8685,
Wilson Isidor,Sunderland,ATT,CENTRAVANTI,100.0,0.0197,0.0471,0.0471,0.0607,0.0471,-0.0173,0.5058,15.0195,,,,,,,1,1.11,0.901,-0.1044,-0.11,0.999,0.0,0.9991,0.444,-0.461,26.07,0.5744,5,5,0,0,,94,116,19,44,126,136,0.792,-1.0808,,,0.2862,0.1447,0.1185,
Olivier Boscagli,Brighton,DIF,CENTRALE,439.0,0.0178,-0.0087,-0.0087,-0.0067,-0.0087,-0.0349,0.152,12.3932,,,,,,,0,0.06,,-0.2449,-0.06,0.012,0.1681,1.0173,0.1244,-0.297,28.85,0.3139,5,5,0,0,,95,124,160,183,207,136,0.3651,-0.7832,,,,-0.0159,-0.8766,
Ferdi Kadioglu,Brighton,DIF,TERZINO,336.0,0.0165,0.2004,0.2004,0.2026,0.2004,-0.0021,0.1484,13.2843,,,,,,,0,0.12,,-0.3464,-0.12,0.032,0.1205,0.9399,0.3857,,26.96,0.49,5,4,0,0,,96,110,168,183,155,136,0.1812,-0.4224,,,,-0.25,-0.0568,
Enzo Le Fée,Sunderland,ATT,TREQUARTISTA,442.0,0.0132,-0.2246,-0.2246,-0.2171,-0.2246,0.0359,0.476,20.3658,,,,,,,0,0.3,,-0.5477,-0.3,0.061,0.4052,0.9991,0.4791,0.046,26.64,0.5203,5,5,0,0,,97,96,38,183,143,136,-0.0914,0.053,,,,-0.4813,-0.1742,
Ian Maatsen,Aston Villa,DIF,TERZINO,343.0,0.0122,-0.1483,-0.1483,-0.1461,-0.1483,0.0506,0.1413,16.7867,,,,,,,0,0.25,,-0.5,-0.25,0.066,0.0289,0.8031,0.14,,24.54,0.6993,5,4,0,0,,98,93,171,183,78,136,-0.1862,0.9958,,,,-0.6043,0.9174,
Charalampos Kostoulas,Brighton,ATT,CENTRAVANTI,355.0,0.0118,0.4292,0.4292,0.4382,0.4292,0.1096,0.475,16.2497,,,,,,,2,1.77,1.13,0.1729,0.23,0.449,0.0177,1.0173,0.663,0.08,19.32,0.7005,5,5,0,0,,99,81,42,31,76,136,-0.1204,-0.8199,,,0.6466,0.5364,0.8008,
Jack Clarke,Ipswich,ATT,ALA,174.0,0.0113,0.6915,0.6915,0.7036,0.6915,-0.0525,0.4592,15.6772,,,,,,,1,0.28,,1.3607,0.72,0.145,0.119,1.0089,0.1881,,25.83,0.5966,5,4,0,0,,100,138,52,183,119,136,-0.5912,-0.9413,,,,2.2139,0.2386,
Daichi Kamada,Crystal Palace,CEN,MEZZALA,449.0,0.009,-0.303,-0.303,-0.3113,-0.303,-0.0373,0.2276,17.8462,,,,,,,0,0.45,,-0.6708,-0.45,0.09,0.1684,1.0154,0.2857,0.106,30.13,0.2315,5,5,0,0,,101,126,96,183,236,136,0.3907,0.8616,,,,-0.9948,-1.2449,
Diogo Dalot,Manchester United,DIF,QUINTO,351.0,0.0044,-0.1465,-0.1465,-0.1441,-0.1465,-0.0401,0.158,13.704,,,,,,,0,0.34,,-0.5831,-0.34,0.087,0.141,1.0342,0.1877,-0.229,27.52,0.4327,5,5,0,0,,102,132,152,183,175,136,0.6759,-0.2524,,,,-0.7959,-0.3236,
Antonee Robinson,Fulham,DIF,TERZINO,437.0,0.0021,-0.1662,-0.1662,-0.1642,-0.1662,-0.014,0.145,14.7021,,,,,,,0,0.33,,-0.5745,-0.33,0.068,0.0824,1.0593,0.1701,0.118,29.13,0.2931,5,5,0,0,,103,114,169,183,221,136,0.0073,0.1517,,,,-0.7761,-0.9734,
Lewis Dunk,Brighton,DIF,CENTRALE,360.0,-0.0013,0.6829,0.6829,0.685,0.6829,-0.1771,0.1222,9.7674,,,,,,,1,0.02,,6.9296,0.98,0.005,0.0,1.105,0.02,,34.84,0.1077,5,4,0,0,,104,207,211,183,263,136,-1.1677,-1.8464,,,,3.0,-1.8364,
Liam Delap,Nottingham Forest,ATT,CENTRAVANTI,276.0,-0.0044,-0.0178,-0.0178,-0.008,-0.0178,0.1459,0.4861,20.1525,,,,,,,1,1.12,0.893,-0.1134,-0.12,0.365,0.2185,1.0873,0.37,,23.62,0.7414,5,4,0,0,,105,71,26,45,50,136,0.2075,0.0078,,,0.2736,0.132,1.0221,
Sorba Thomas,Hull,DIF,ESTERNO_C,122.0,-0.0055,-0.012,-0.012,-0.0067,-0.012,0.0309,,,,,,,,,0,0.13,,-0.3606,-0.13,0.096,0.1033,1.2426,0.225,,25.65,0.6129,5,3,0,0,,106,98,245,183,111,136,,,,,,-0.2827,0.5152,
Tarik Muharemovic,Leeds,DIF,CENTRALE,450.0,-0.0098,-0.1488,-0.1488,-0.1468,-0.1488,0.0716,0.1514,15.9422,,,,,,,0,0.38,,-0.6164,-0.38,0.076,0.096,0.9901,0.2112,0.228,23.57,0.7428,5,5,0,0,,107,85,162,183,48,136,0.3343,0.6538,,,,-0.8727,1.1199,
Enzo Fernández,Manchester City,CEN,MEDIANO,100.0,-0.0122,-0.0444,-0.0444,-0.0656,-0.0444,0.0359,,,,,,,,,0,0.174,,-0.4171,-0.174,0.157,0.1431,1.1624,0.3191,,25.68,0.6102,5,2,0,0,,108,96,245,183,113,136,,,,,,-0.51,0.5259,
Jack Grealish,Everton,ATT,ALA,130.0,-0.0153,0.1382,0.1382,0.1514,0.1382,-0.0334,0.4728,14.1779,,,,,,,0,0.02,,-0.1414,-0.02,0.014,0.3946,1.0303,0.5963,,31.04,0.1908,5,4,0,0,,109,123,44,183,242,136,-0.1874,-1.2592,,,,0.0925,-1.9571,
Mamadou Sangaré,Brentford,CEN,MEDIANO,331.0,-0.0206,-0.3029,-0.3029,-0.3134,-0.3029,-0.0981,0.227,14.1467,,,,,,,0,0.36,,-0.6,-0.36,0.098,0.1686,1.0208,0.2245,-0.033,28.81,0.317,5,5,0,0,,110,160,97,183,204,136,0.3694,-0.3462,,,,-0.8595,-0.8451,
Harrison Armstrong,Everton,CEN,MEDIANO,449.0,-0.0213,-0.186,-0.186,-0.1944,-0.186,0.0938,0.2175,16.1886,,,,,,,0,0.19,,-0.4359,-0.19,0.038,0.1804,1.0693,0.2287,0.045,19.68,0.7167,5,5,0,0,,111,84,102,183,65,136,-0.0178,0.3204,,,,-0.5459,1.0239,
Georginio Rutter,Brighton,ATT,TREQUARTISTA,103.0,-0.0269,-0.0262,-0.0262,-0.0074,-0.0262,0.0532,,,,,,,,,0,0.14,,-0.3742,-0.14,0.122,0.7951,0.997,0.4846,,24.43,0.706,5,2,0,0,,112,92,245,183,75,136,,,,,,-0.2363,0.8305,
Matteo Ruggeri,Aston Villa,DIF,TERZINO,107.0,-0.0283,-0.0348,-0.0348,-0.0295,-0.0348,0.024,,,,,,,,,0,0.02,,-0.1414,-0.02,0.017,0.0252,1.0189,0.05,,24.2,0.7186,5,3,0,0,,113,102,245,183,62,136,,,,,,0.2229,1.0072,
Luke Shaw,Manchester United,DIF,TERZINO,339.0,-0.0288,-0.1158,-0.1158,-0.1136,-0.1158,-0.0388,0.1497,13.3773,,,,,,,0,0.05,,-0.2236,-0.05,0.013,0.1699,1.0735,0.0107,,31.2,0.185,5,4,0,0,,114,128,163,183,244,136,0.25,-0.3847,,,,0.0333,-1.4766,
Gabriel,Arsenal,DIF,CENTRALE,450.0,-0.0302,-0.4693,-0.4693,-0.4674,-0.4693,-0.1719,0.1537,15.2947,,,,,,,0,1.04,0.0,-1.0198,-1.04,0.208,0.006,1.1546,0.1514,-0.293,28.76,0.3209,5,5,0,0,,115,206,157,77,202,136,0.455,0.3917,,,-0.9917,-1.8032,-0.844,
Dayann Methalie,Sunderland,DIF,TERZINO,90.0,-0.0317,-0.0375,-0.0375,-0.0328,-0.0375,0.0295,,,,,,,,,0,0.01,,-0.1,-0.01,0.01,0.0,0.8774,0.01,,20.6,0.7548,5,1,0,0,,116,99,245,183,29,136,,,,,,0.3184,1.1757,
Matt Crooks,Hull,CEN,MEZZALA,212.0,-0.0358,-0.0707,-0.0707,-0.0937,-0.0707,-0.0191,,,,,,,,,0,0.0,,,0.0,0.0,0.0382,1.0943,0.1588,,32.67,0.1441,5,3,0,0,,117,117,245,183,252,136,,,,,,,-1.6535,
Victor Lindelöf,Aston Villa,DIF,CENTRALE,450.0,-0.0362,-0.3208,-0.3208,-0.3189,-0.3208,-0.1057,0.1489,17.0991,,,,,,,0,0.6,0.0,-0.7746,-0.6,0.12,0.02,0.8672,0.1453,0.038,32.19,0.1552,5,5,0,0,,118,164,165,77,250,136,0.2075,1.1223,,,-0.9917,-1.2376,-1.6153,
Pedro Neto,Chelsea,ATT,ALA,343.0,-0.0424,0.017,0.017,0.0262,0.017,-0.0668,0.4819,19.2677,,,,,,,1,1.07,0.935,-0.0677,-0.07,0.281,0.1994,0.9582,0.3769,-0.283,26.54,0.5298,5,5,0,0,,119,143,31,41,138,136,0.0849,-0.1799,,,0.3397,0.1966,-0.1228,
James Justin,Leeds,DIF,TERZINO,450.0,-0.0424,-0.0329,-0.0329,-0.031,-0.0329,-0.0135,0.1485,15.5781,,,,,,,0,0.16,,-0.4,-0.16,0.032,0.126,0.9901,0.1919,0.215,28.58,0.3354,5,5,0,0,,119,113,167,183,197,136,0.1889,0.5064,,,,-0.3736,-0.7765,
Ola Aina,Nottingham Forest,DIF,TERZINO,315.0,-0.0441,-0.1114,-0.1114,-0.1091,-0.1114,-0.039,0.1391,13.3859,,,,,,,0,0.04,,-0.2,-0.04,0.011,0.0914,1.0208,0.0,,29.96,0.2406,5,4,0,0,,121,129,174,183,232,136,-0.299,-0.3812,,,,0.0877,-1.2177,
Ayden Heaven,Manchester United,DIF,CENTRALE,90.0,-0.0447,-0.0506,-0.0506,-0.0458,-0.0506,0.0158,,,,,,,,,0,0.13,,-0.3606,-0.13,0.13,0.0,0.8784,0.13,,20.0,0.7309,5,1,0,0,,122,105,245,183,57,136,,,,,,-0.2827,1.0645,
Archie Gray,Tottenham,DIF,CENTRALE,315.0,-0.0457,-0.0011,-0.0011,0.0013,-0.0011,0.0701,0.1372,15.5189,,,,,,,0,0.33,,-0.5745,-0.33,0.094,0.0,1.0664,0.325,,20.53,0.7523,5,4,0,0,,123,86,178,183,31,136,-0.3943,0.4824,,,,-0.7761,1.1641,
Kevin Danso,Sunderland,DIF,CENTRALE,270.0,-0.0462,-0.0527,-0.0527,-0.0475,-0.0527,-0.0253,,,,,,,,,0,0.05,,-0.2236,-0.05,0.017,0.0267,0.8202,0.06,,28.01,0.3853,5,3,0,0,,124,122,245,183,188,136,,,,,,0.0333,-0.5442,
Harry Maguire,Manchester United,DIF,CENTRALE,450.0,-0.0502,-0.0586,-0.0586,-0.0566,-0.0586,-0.0113,0.1441,12.907,,,,,,,0,0.16,,-0.4,-0.16,0.032,0.11,1.0342,0.1684,0.186,33.55,0.1273,5,5,0,0,,125,112,170,183,258,136,-0.041,-0.5752,,,,-0.3736,-1.7451,
Pascal Struijk,Brighton,DIF,CENTRALE,99.0,-0.0517,-0.0582,-0.0582,-0.0528,-0.0582,-0.0203,,,,,,,,,0,0.08,,-0.2828,-0.08,0.073,0.0,0.8335,0.0828,,27.12,0.4736,5,3,0,0,,126,119,245,183,164,136,,,,,,-0.1033,-0.1332,
Noah Sadiki,Sunderland,CEN,MEDIANO,425.0,-0.0546,-0.5788,-0.5788,-0.5876,-0.5788,-0.0202,0.2325,16.0163,,,,,,,0,0.92,0.0,-0.9592,-0.92,0.195,0.0868,0.9991,0.2466,-0.134,21.77,0.7786,5,5,0,0,,127,118,93,77,1,136,0.5897,0.2642,,,-1.3149,-1.546,1.3133,
Yeremi Pino,Crystal Palace,ATT,TREQUARTISTA,308.0,-0.0556,-0.528,-0.528,-0.5182,-0.528,-0.0514,0.4757,19.4291,,,,,,,0,0.64,0.0,-0.8,-0.64,0.187,0.2805,1.0154,0.2855,-0.183,23.93,0.7309,5,5,0,0,,128,137,41,77,57,136,-0.1008,-0.1456,,,-1.1316,-0.8376,0.9653,
Joe Rodon,Leeds,DIF,CENTRALE,123.0,-0.0561,-0.0621,-0.0621,-0.0572,-0.0621,-0.0414,,,,,,,,,0,0.03,,-0.1732,-0.03,0.022,0.0732,0.7645,0.0,,28.92,0.3085,5,2,1,49,,129,133,245,183,212,136,,,,,,0.1495,-0.9017,
Sávio,Tottenham,ATT,ALA,242.0,-0.057,-0.0563,-0.0563,-0.0358,-0.0563,0.0606,,,,,,,,,0,0.4,,-0.6325,-0.4,0.149,0.4277,0.94,0.61,,22.45,0.7708,5,3,0,0,,130,90,245,183,18,136,,,,,,-0.6011,1.1812,
Kai Havertz,Arsenal,ATT,CENTRAVANTI,442.0,-0.0612,0.5498,0.5498,0.5573,0.5498,-0.1305,0.4389,17.6764,,,,,,,2,1.19,1.681,0.7425,0.81,0.242,0.0794,1.1546,0.3397,0.043,27.29,0.456,5,5,0,0,,131,178,71,15,167,136,-1.1924,-0.5173,,,1.5136,1.3408,-0.5221,
Micky van de Ven,Tottenham,DIF,CENTRALE,360.0,-0.0643,-0.4733,-0.4733,-0.4712,-0.4733,-0.0906,0.1522,17.2008,,,,,,,0,0.73,0.0,-0.8544,-0.73,0.182,0.0,0.9905,0.04,,25.43,0.6322,5,4,0,0,,132,156,159,77,103,136,0.3774,1.1635,,,-0.9917,-1.4217,0.6051,
Regan Slater,Hull,CEN,MEZZALA,443.0,-0.065,-0.1255,-0.1255,-0.134,-0.1255,0.0192,0.2126,18.0761,,,,,,,0,0.14,,-0.3742,-0.14,0.028,0.1747,1.132,0.2366,0.171,27.03,0.4831,5,5,0,0,,133,104,107,183,159,136,-0.2153,0.9366,,,,-0.428,-0.0684,
Lucas Herrington,Hull,DIF,CENTRALE,190.0,-0.0679,-0.0116,-0.0116,-0.0084,-0.0116,0.0128,0.1378,13.2822,,,,,,,0,0.01,,-0.1,-0.01,0.005,0.0663,1.132,0.045,0.5,,,5,5,0,0,,134,106,176,183,270,136,-0.3621,-0.4232,,,,0.3184,,
Ousmane Diomande,Nottingham Forest,DIF,CENTRALE,165.0,-0.0686,-0.0753,-0.0753,-0.0699,-0.0753,0.0058,,,,,,,,,0,0.07,,-0.2646,-0.07,0.038,0.0,1.167,0.0365,,22.8,0.7591,5,3,0,0,,135,108,245,183,25,136,,,,,,-0.0613,1.1958,
Taiwo Awoniyi,Coventry,ATT,CENTRAVANTI,234.0,-0.071,-0.6947,-0.6947,-0.684,-0.6947,-0.1958,0.4981,22.5715,,,,,,,0,1.32,0.0,-1.1489,-1.32,0.508,0.0577,0.8693,0.3167,,29.11,0.2945,5,4,0,0,,136,213,22,77,220,136,0.5646,0.5207,,,-1.1316,-1.3304,-1.396,
Merlin Röhl,Everton,ATT,ALA,257.0,-0.0739,-0.0731,-0.0731,-0.0527,-0.0731,0.0248,,,,,,,,,0,0.0,,,0.0,0.0,0.1506,0.9874,0.3923,,24.22,0.7176,5,3,0,0,,137,101,245,183,63,136,,,,,,,0.8933,
Amar Dedic,Newcastle United,DIF,TERZINO,330.0,-0.0778,-0.2737,-0.2737,-0.2714,-0.2737,-0.0252,0.14,15.864,,,,,,,0,0.22,,-0.469,-0.22,0.06,0.0382,0.9028,0.0,,24.1,0.7235,5,4,0,0,,138,121,172,183,60,136,-0.249,0.6222,,,,-0.5328,1.03,
Mats Wieffer,Brighton,DIF,TERZINO,165.0,-0.0819,-0.088,-0.088,-0.0831,-0.088,-0.0434,,,,,,,,,0,0.11,,-0.3317,-0.11,0.06,0.0382,1.293,0.0329,,26.85,0.5003,5,2,1,0,,139,134,245,183,153,136,,,,,,-0.2161,-0.0089,
Jaka Bijol,Leeds,DIF,CENTRALE,167.0,-0.0911,-0.0976,-0.0976,-0.0923,-0.0976,-0.057,,,,,,,,,0,0.08,,-0.2828,-0.08,0.043,0.0,0.8612,0.0,,27.63,0.4217,5,3,0,0,,140,140,245,183,180,136,,,,,,-0.1033,-0.3748,
Rúben Dias,Manchester City,DIF,CENTRALE,450.0,-0.0915,-0.1735,-0.1735,-0.1716,-0.1735,-0.1088,0.1351,11.6101,,,,,,,0,0.17,,-0.4123,-0.17,0.034,0.06,1.0189,0.0702,-0.253,29.36,0.2772,5,5,0,0,,141,167,185,183,224,136,-0.5051,-1.1003,,,,-0.402,-1.0474,
Matias Fernandez-Pardo,Newcastle United,CEN,TREQUARTISTA,162.0,-0.0918,-0.1269,-0.1269,-0.1498,-0.1269,-0.0234,,,,,,,,,0,0.05,,-0.2236,-0.05,0.028,0.0056,0.8392,0.057,,25.68,0.6102,5,3,0,0,,142,120,245,183,113,136,,,,,,-0.1402,0.5259,
Marcelino Núñez,Ipswich,CEN,MEDIANO,146.0,-0.0919,-0.1242,-0.1242,-0.1455,-0.1242,-0.0398,,,,,,,,,0,0.06,,-0.2449,-0.06,0.037,0.0247,0.9822,0.0563,,26.56,0.5279,5,2,0,0,,143,130,245,183,140,136,,,,,,-0.1809,0.1411,
Ibrahim Sangare,Nottingham Forest,CEN,MEDIANO,100.0,-0.0948,-0.1297,-0.1297,-0.1527,-0.1297,-0.0736,,,,,,,,,0,0.02,,-0.1414,-0.02,0.018,0.018,1.0537,0.0,,28.81,0.317,5,3,0,0,,144,146,245,183,204,136,,,,,,0.0169,-0.8451,
Adam Wharton,Crystal Palace,CEN,MEZZALA,442.0,-0.0955,-0.1706,-0.1706,-0.1791,-0.1706,0.0586,0.2097,15.4463,,,,,,,0,0.1,,-0.3162,-0.1,0.02,0.1466,1.0154,0.1649,-0.002,22.63,0.7654,5,5,0,0,,145,91,108,183,22,136,-0.3355,0.0781,,,,-0.3172,1.2516,
Noussair Mazraoui,Manchester United,DIF,QUINTO,98.0,-0.0958,-0.1024,-0.1024,-0.097,-0.1024,-0.0722,,,,,,,,,0,0.09,,-0.3,-0.09,0.083,0.101,1.0063,0.0,,28.86,0.3131,5,3,0,0,,146,145,245,183,209,136,,,,,,-0.1429,-0.8803,
Honest Ahanor,Crystal Palace,DIF,CENTRALE,90.0,-0.1008,-0.1067,-0.1067,-0.1019,-0.1067,-0.0385,,,,,,,,,0,0.0,,,0.0,0.0,0.05,1.2602,0.05,,18.58,0.6688,5,1,0,0,,147,127,245,183,90,136,,,,,,,0.7754,
David Affengruber,Fulham,DIF,CENTRALE,180.0,-0.1053,-0.1114,-0.1114,-0.1064,-0.1114,-0.0498,,,,,,,,,0,0.0,,,0.0,0.0,0.025,0.8653,0.05,,25.51,0.6253,5,2,0,0,,148,136,245,183,105,136,,,,,,,0.5729,
Kevin Schade,Brentford,ATT,ALA,450.0,-0.107,0.8247,0.8247,0.8322,0.8247,-0.1019,0.4528,17.7444,,,,,,,3,1.65,1.818,1.051,1.35,0.33,0.028,1.0208,0.3986,0.113,24.82,0.6804,5,5,0,0,,149,161,60,10,87,136,-0.7816,-0.5029,,,1.7292,1.7765,0.692,
Nikola Milenkovic,Nottingham Forest,DIF,CENTRALE,270.0,-0.1086,-0.1152,-0.1152,-0.1098,-0.1152,-0.0831,,,,,,,,,0,0.12,,-0.3464,-0.12,0.04,0.0,0.9187,0.0,,28.95,0.3063,5,3,0,0,,150,153,245,183,215,136,,,,,,-0.25,-0.9119,
Myles Lewis-Skelly,Arsenal,DIF,TERZINO,280.0,-0.1113,-0.2246,-0.2246,-0.222,-0.2246,-0.0089,0.1372,12.4177,,,,,,,0,0.16,,-0.4,-0.16,0.051,0.045,1.1795,0.0,,19.99,0.7305,5,4,0,0,,151,111,180,183,59,136,-0.3977,-0.7733,,,,-0.3736,1.0626,
Pedro Porro,Tottenham,DIF,TERZINO,198.0,-0.1244,-0.131,-0.131,-0.1256,-0.131,-0.077,,,,,,,,,0,0.24,,-0.4899,-0.24,0.109,0.1909,1.0272,0.05,,27.03,0.4831,5,3,0,0,,152,147,245,183,159,136,,,,,,-0.581,-0.089,
James Garner,Everton,CEN,MEDIANO,331.0,-0.1259,-0.0901,-0.0901,-0.1006,-0.0901,0.0274,0.1987,12.3565,,,,,,,0,0.13,,-0.3606,-0.13,0.035,0.0489,1.0693,0.253,0.235,25.53,0.6235,5,5,0,0,,153,100,119,183,106,136,-0.7796,-0.9306,,,,-0.402,0.5881,
Gabriel Gudmundsson,Leeds,DIF,QUINTO,255.0,-0.1276,-0.1342,-0.1342,-0.1288,-0.1342,-0.0835,,,,,,,,,0,0.0,,,0.0,0.0,0.0141,1.1404,0.04,,27.4,0.4448,5,3,0,0,,154,154,245,183,173,136,,,,,,,-0.2672,
Ben White,Arsenal,DIF,TERZINO,317.0,-0.1282,-0.2069,-0.2069,-0.2046,-0.2069,-0.1296,0.1369,12.7151,,,,,,,0,0.13,,-0.3606,-0.13,0.037,0.0653,1.1795,0.0,,28.96,0.3055,5,4,1,20,,155,177,182,183,216,136,-0.4098,-0.6529,,,,-0.2827,-0.9157,
Jaidon Anthony,Brentford,ATT,ALA,270.0,-0.1346,0.2227,0.2227,0.2332,0.2227,-0.0609,0.476,16.0566,,,,,,,1,0.99,1.01,0.0101,0.01,0.33,0.14,1.0208,0.567,0.23,26.81,0.5041,5,5,0,0,,156,141,40,39,151,136,-0.0929,-0.8608,,,0.4577,0.3064,-0.2619,
Valentín Barco,Chelsea,CEN,MEZZALA,112.0,-0.1385,-0.1734,-0.1734,-0.1964,-0.1734,-0.0399,,,,,,,,,0,0.12,,-0.3464,-0.12,0.096,0.0,0.9498,0.0511,,22.17,0.7763,5,3,0,0,,157,131,245,183,9,136,,,,,,-0.3749,1.3025,
Yehor Yarmolyuk,Brentford,CEN,MEDIANO,212.0,-0.1402,-0.103,-0.103,-0.1162,-0.103,0.0096,0.219,11.9704,,,,,,,0,0.07,,-0.2646,-0.07,0.03,0.1783,1.0208,0.1763,0.051,22.56,0.7677,5,5,0,0,,158,107,100,183,19,136,0.0431,-1.0566,,,,-0.2185,1.2623,
Quinten Timber,Crystal Palace,CEN,MEZZALA,258.0,-0.1405,-0.1755,-0.1755,-0.1985,-0.1755,-0.0562,,,,,,,,,0,0.31,,-0.5568,-0.31,0.108,0.0244,1.1064,0.18,,25.27,0.6457,5,3,0,0,,159,139,245,183,98,136,,,,,,-0.777,0.6919,
Tyrique George,Everton,ATT,ALA,319.0,-0.1453,0.647,0.647,0.6566,0.647,-0.0613,0.4504,16.2869,,,,,,,1,0.38,,1.0058,0.62,0.107,0.206,1.0693,0.306,0.066,20.63,0.7558,5,5,0,0,,160,142,62,183,26,136,-0.8526,-0.812,,,,1.7127,1.1,
Aaron Wan-Bissaka,Aston Villa,DIF,TERZINO,159.0,-0.1478,-0.3085,-0.3085,-0.3052,-0.3085,-0.1613,0.1395,13.791,,,,,,,0,0.0,,,0.0,0.0,0.0566,0.8204,0.0,,28.82,0.3162,5,4,0,0,,161,196,173,183,206,136,-0.275,-0.2172,,,,,-0.8658,
Bradley Barcola,Liverpool,DIF,ALA,169.0,-0.151,-0.1577,-0.1577,-0.1523,-0.1577,-0.0783,,,,,,,,,0,0.37,,-0.6083,-0.37,0.197,0.0959,1.1301,0.0625,,23.21,0.749,5,3,0,0,,162,148,245,183,40,136,,,,,,-0.854,1.1487,
Tyrone Mings,Aston Villa,DIF,CENTRALE,257.0,-0.1511,-0.2473,-0.2473,-0.2447,-0.2473,-0.1493,0.1371,14.395,,,,,,,0,0.2,,-0.4472,-0.2,0.07,0.0,0.9174,0.0,,33.53,0.1276,5,4,0,0,,163,191,181,183,257,136,-0.4012,0.0274,,,,-0.4825,-1.7437,
Sander Berge,Fulham,CEN,MEDIANO,350.0,-0.1551,-0.2136,-0.2136,-0.2238,-0.2136,-0.1712,0.2066,13.8005,,,,,,,0,0.08,,-0.2828,-0.08,0.021,0.1209,1.0593,0.1019,-0.161,28.61,0.3329,5,5,0,0,,164,205,111,183,198,136,-0.4611,-0.4592,,,,-0.2533,-0.7707,
Matthew Cash,Aston Villa,DIF,TERZINO,291.0,-0.1557,-0.1583,-0.1583,-0.1558,-0.1583,-0.1047,0.131,14.6215,,,,,,,0,0.08,,-0.2828,-0.08,0.025,0.0124,0.9309,0.0,,29.13,0.2931,5,4,0,0,,165,163,187,183,221,136,-0.7134,0.1191,,,,-0.1033,-0.9734,
Declan Rice,Arsenal,CEN,MEZZALA,418.0,-0.16,-0.1907,-0.1907,-0.1996,-0.1907,-0.1134,0.202,13.3333,,,,,,,0,0.09,,-0.3,-0.09,0.019,0.1206,1.1546,0.1373,-0.027,27.69,0.4158,5,5,0,0,,166,168,116,183,181,136,-0.6461,-0.6117,,,,-0.2862,-0.3831,
Stephen Mfuni,Coventry,DIF,CENTRALE,90.0,-0.1601,-0.1658,-0.1658,-0.1611,-0.1658,-0.1196,,,,,,,,,0,0.0,,,0.0,0.0,0.0,0.6127,0.0,,,,5,1,0,0,,167,173,245,183,270,136,,,,,,,,
Marcos Senesi,Tottenham,DIF,CENTRALE,90.0,-0.1601,-0.1658,-0.1658,-0.1611,-0.1658,-0.1172,,,,,,,,,0,0.0,,,0.0,0.0,0.0,0.9164,0.0,,29.37,0.2765,5,1,0,0,,167,172,245,183,225,136,,,,,,,-1.0506,
Reece James,Chelsea,DIF,TERZINO,290.0,-0.1631,-0.1741,-0.1741,-0.1716,-0.1741,-0.0944,0.1389,12.4897,,,,,,,0,0.25,,-0.5,-0.25,0.078,0.0155,0.9687,0.11,,26.79,0.506,5,4,1,0,,169,157,175,183,150,136,-0.3091,-0.7441,,,,-0.6043,0.0176,
Hayden Hackney,Everton,CEN,MEDIANO,135.0,-0.1671,-0.0782,-0.0782,-0.093,-0.0782,-0.0819,0.2158,12.0126,,,,,,,0,0.09,,-0.3,-0.09,0.06,0.1,1.0693,0.2197,-0.173,24.24,0.7165,5,5,0,0,,171,152,105,183,66,136,-0.0859,-1.0429,,,,-0.2862,1.0229,
Jurriën Timber,Arsenal,DIF,TERZINO,104.0,-0.1671,-0.1732,-0.1732,-0.1682,-0.1732,-0.0967,,,,,,,,,0,0.0,,,0.0,0.0,0.0,1.0684,0.0,,25.27,0.6457,5,2,0,0,,171,159,245,183,98,136,,,,,,,0.6679,
Cristhian Mosquera,Arsenal,DIF,CENTRALE,170.0,-0.1671,-0.1732,-0.1732,-0.1682,-0.1732,-0.0791,,,,,,,,,0,0.0,,,0.0,0.0,0.0,1.1886,0.0,,22.24,0.7752,5,2,1,20,,171,149,245,183,16,136,,,,,,,1.2707,
Aurèle Amenda,Coventry,DIF,CENTRALE,360.0,-0.1789,0.0218,0.0218,0.024,0.0218,-0.1087,0.1253,14.0344,,,,,,,0,0.01,,-0.1,-0.01,0.003,0.0175,0.8693,0.07,,23.15,0.7495,5,4,0,0,,173,166,202,183,37,136,-1.0087,-0.1187,,,,0.3184,1.1511,
Joachim Andersen,Fulham,DIF,CENTRALE,190.0,-0.1812,-0.1878,-0.1878,-0.1824,-0.1878,-0.1352,,,,,,,,,0,0.0,,,0.0,0.0,0.0758,1.0631,0.0,,30.31,0.2224,5,3,0,0,,176,182,245,183,238,136,,,,,,,-1.3025,
Matheus Nunes,Manchester City,DIF,TERZINO,211.0,-0.1812,-0.1878,-0.1878,-0.1824,-0.1878,-0.1329,,,,,,,,,0,0.0,,,0.0,0.0,0.0,0.9398,0.0,,28.07,0.3798,5,3,0,0,,176,180,245,183,191,136,,,,,,,-0.5698,
Abduqodir Khusanov,Manchester City,DIF,CENTRALE,270.0,-0.1812,-0.1878,-0.1878,-0.1824,-0.1878,-0.087,,,,,,,,,0,0.0,,,0.0,0.0,0.0,1.0433,0.0,,22.57,0.7674,5,3,0,0,,176,155,245,183,20,136,,,,,,,1.2344,
Pau Torres,Aston Villa,DIF,CENTRALE,193.0,-0.1812,-0.1878,-0.1878,-0.1824,-0.1878,-0.1336,,,,,,,,,0,0.0,,,0.0,0.0,0.0,0.778,0.0,,29.68,0.2568,5,3,0,0,,176,181,245,183,229,136,,,,,,,-1.1423,
Axel Disasi,Crystal Palace,DIF,CENTRALE,138.0,-0.1812,-0.1878,-0.1878,-0.1824,-0.1878,-0.1373,,,,,,,,,0,0.0,,,0.0,0.0,0.0196,1.1375,0.0,,28.54,0.3387,5,3,0,0,,176,183,245,183,196,136,,,,,,,-0.7611,
Sasa Lukic,Ipswich,CEN,MEDIANO,411.0,-0.1923,-0.1429,-0.1429,-0.1519,-0.1429,-0.1268,0.1984,13.8834,,,,,,,0,0.04,,-0.2,-0.04,0.009,0.0898,0.9836,0.1118,0.104,30.11,0.2325,5,5,0,0,,179,176,121,183,235,136,-0.7942,-0.4321,,,,-0.0951,-1.2402,
Takehiro Tomiyasu,Crystal Palace,DIF,CENTRALE,189.0,-0.1926,-0.2209,-0.2209,-0.2178,-0.2209,-0.1462,0.1329,12.918,,,,,,,0,0.0,,,0.0,0.0,0.0095,0.9505,0.0383,,27.88,0.3975,5,4,0,0,,180,188,186,183,186,136,-0.6189,-0.5707,,,,,-0.4874,
Dominik Szoboszlai,Liverpool,ATT,TREQUARTISTA,441.0,-0.1957,-0.4269,-0.4269,-0.4193,-0.4269,-0.1046,0.4591,20.3765,,,,,,,0,0.5,0.0,-0.7071,-0.5,0.102,0.2898,1.029,0.3822,-0.012,25.91,0.5893,5,5,0,0,,181,162,53,77,120,136,-0.5934,0.0553,,,-1.1316,-0.7064,0.1991,
Malo Gusto,Chelsea,DIF,TERZINO,274.0,-0.1962,-0.0795,-0.0795,-0.0769,-0.0795,-0.1086,0.131,11.4925,,,,,,,0,0.07,,-0.2646,-0.07,0.023,0.0099,0.9687,0.0675,,23.35,0.7473,5,4,0,0,,182,165,188,183,43,136,-0.7157,-1.1479,,,,-0.0613,1.1408,
Adrien Truffert,Bournemouth,DIF,TERZINO,450.0,-0.2051,-0.1155,-0.1155,-0.1397,-0.1155,-0.124,0.1372,13.3593,,,,,0.1495,,0,0.11,,-0.3317,-0.11,0.022,0.074,0.9328,0.0766,-0.202,24.84,0.679,5,5,0,0,,183,174,179,183,88,136,-0.3958,-0.392,,,,-0.2161,0.8229,
Evanilson,Bournemouth,ATT,CENTRAVANTI,430.0,-0.2062,-0.5829,-0.5829,0.4145,-0.5829,-0.351,0.4787,21.6186,,,,,0.5838,,0,0.92,0.0,-0.9592,-0.92,0.193,0.2553,0.9328,0.3998,-0.119,26.97,0.4891,5,5,0,0,,184,249,36,77,156,136,-0.0126,0.3187,,,-1.1316,-1.0625,-0.3431,
Dara O'Shea,Ipswich,DIF,CENTRALE,450.0,-0.2074,-0.006,-0.006,-0.0041,-0.006,-0.1711,0.1284,13.0467,,,,,,,0,0.02,,-0.1414,-0.02,0.004,0.054,0.9836,0.0666,0.148,27.56,0.4287,5,5,0,0,,185,204,194,183,176,136,-0.8485,-0.5186,,,,0.2229,-0.3422,
Ezri Konsa Ngoyo,Arsenal,DIF,CENTRALE,280.0,-0.2078,-0.038,-0.038,-0.0355,-0.038,-0.2171,0.1306,11.8875,,,,,,,0,0.08,,-0.2828,-0.08,0.026,0.0129,1.1807,0.12,,28.92,0.3085,5,4,0,0,,186,226,190,183,212,136,-0.7385,-0.988,,,,-0.1033,-0.9017,
Ethan Pinnock,Coventry,DIF,CENTRALE,280.0,-0.2082,-0.167,-0.167,-0.1645,-0.167,-0.1799,0.1307,13.9795,,,,,,,0,0.09,,-0.3,-0.09,0.029,0.0,0.8558,0.0,,33.32,0.1313,5,4,0,0,,187,208,189,183,256,136,-0.7309,-0.1409,,,,-0.1429,-1.7265,
Caleb Yirenkyi,Coventry,CEN,QUINTO,269.0,-0.212,-0.1602,-0.1602,-0.1721,-0.1602,-0.154,0.2027,14.1677,,,,,,,0,0.03,,-0.1732,-0.03,0.01,0.0569,0.818,0.0709,-0.014,,,5,5,0,0,,188,193,114,183,270,136,-0.6178,-0.3393,,,,-0.0439,,
Murillo,Nottingham Forest,DIF,CENTRALE,450.0,-0.2154,-0.2422,-0.2422,-0.2403,-0.2422,-0.0801,0.1377,13.4031,,,,,,,0,0.35,,-0.5916,-0.35,0.07,0.038,1.0266,0.1112,0.03,24.22,0.7176,5,5,0,0,,189,151,177,183,63,136,-0.3721,-0.3743,,,,-0.8155,1.0026,
Rayan,Bournemouth,ATT,ALA,446.0,-0.2188,-0.749,-0.749,0.4696,-0.749,-0.215,0.4813,22.3151,,,,,0.6079,,0,1.59,0.0,-1.261,-1.59,0.321,0.1392,0.9328,0.4549,-0.015,20.14,0.7369,5,5,0,0,,190,224,32,77,53,136,0.0644,0.4664,,,-1.1316,-1.4887,0.9977,
Aaron Hickey,Brentford,DIF,TERZINO,147.0,-0.2188,-0.0923,-0.0923,-0.0889,-0.0923,-0.1246,0.1366,9.9716,,,,,,,0,0.04,,-0.2,-0.04,0.024,0.0,1.0208,0.0098,0.048,24.29,0.7139,5,5,0,0,,190,175,183,183,68,136,-0.4277,-1.7637,,,,0.0877,0.9854,
Jair,Nottingham Forest,DIF,CENTRALE,360.0,-0.2246,-0.0655,-0.0655,-0.0634,-0.0655,-0.0961,0.1232,12.6937,,,,,,,0,0.03,,-0.1732,-0.03,0.007,0.0025,0.9515,0.03,,21.55,0.7773,5,4,0,0,,192,158,208,183,7,136,-1.1162,-0.6615,,,,0.1495,1.2805,
Nathan Collins,Brentford,DIF,CENTRALE,196.0,-0.2267,-0.2332,-0.2332,-0.2278,-0.2332,-0.1421,,,,,,,,,0,0.6,0.0,-0.7746,-0.6,0.276,0.0367,0.9967,0.0,,25.4,0.6348,5,3,1,0,,193,186,245,77,102,136,,,,,-0.9917,-1.2376,0.6172,
Calvin Bassey,Fulham,DIF,CENTRALE,450.0,-0.2283,-0.1934,-0.1934,-0.1915,-0.1934,-0.1146,0.1223,11.7968,,,,,,,0,0.15,,-0.3873,-0.15,0.03,0.0,1.0593,0.0375,0.25,26.73,0.5117,5,5,0,0,,194,170,210,183,148,136,-1.1651,-1.0247,,,,-0.3443,0.0442,
César Palacios,Fulham,ATT,ALA,238.0,-0.2315,-0.0756,-0.0756,-0.065,-0.0756,-0.0162,0.4697,17.8301,,,,,,,1,1.1,0.909,-0.0953,-0.1,0.416,0.034,1.1121,0.2842,,21.86,0.7786,5,4,0,0,,195,115,46,43,1,136,-0.2788,-0.4847,,,0.2988,0.1576,1.2234,
João Gomes,Aston Villa,CEN,MEZZALA,129.0,-0.2353,-0.2675,-0.2675,-0.2887,-0.2675,-0.14,,,,,,,,,0,0.0,,,0.0,0.0,0.0349,1.0892,0.02,,25.61,0.6165,5,2,0,0,,196,185,245,183,109,136,,,,,,,0.5553,
Iliman Ndiaye,Manchester City,ATT,ALA,268.0,-0.2374,-0.2367,-0.2367,-0.2162,-0.2367,-0.1467,,,,,,,,,0,0.283,,-0.532,-0.283,0.095,0.2284,1.0433,0.0951,,26.55,0.5288,5,3,0,0,,197,189,245,183,139,136,,,,,,-0.4591,-0.1282,
Milan van Ewijk,Coventry,DIF,TERZINO,360.0,-0.2381,-0.2759,-0.2759,-0.2737,-0.2759,-0.1431,0.1287,14.4643,,,,,,,0,0.0,,,0.0,0.0,0.0375,0.8693,0.03,,26.04,0.5772,5,4,0,0,,198,187,193,183,125,136,-0.836,0.0554,,,,,0.349,
Víctor Muñoz,Liverpool,ATT,ALA,261.0,-0.2414,0.4904,0.4904,0.5012,0.4904,-0.1567,0.447,14.3007,,,,,,,1,0.48,,0.7506,0.52,0.166,0.0724,1.029,0.342,0.15,23.2,0.7491,5,5,0,0,,199,195,65,183,38,136,-0.953,-1.2332,,,,1.3522,1.0638,
Vitalii Mykolenko,Everton,DIF,TERZINO,450.0,-0.2453,-0.1143,-0.1143,-0.1123,-0.1143,-0.166,0.1256,12.0126,,,,,,,0,0.09,,-0.3,-0.09,0.018,0.03,1.0693,0.0594,0.238,27.32,0.4529,5,5,0,0,,200,201,201,183,168,136,-0.9939,-0.9373,,,,-0.1429,-0.2295,
Jaydee Canvot,Crystal Palace,DIF,CENTRALE,360.0,-0.2453,-0.0566,-0.0566,-0.0544,-0.0566,-0.132,0.1232,12.0401,,,,,,,0,0.02,,-0.1414,-0.02,0.005,0.005,0.9541,0.02,,20.15,0.7373,5,4,0,0,,200,179,208,183,52,136,-1.1162,-0.9262,,,,0.2229,1.0943,
Emiliano Buendía,Aston Villa,ATT,ALA,413.0,-0.2455,0.1251,0.1251,0.1331,0.1251,-0.2436,0.4388,19.2181,,,,,,,1,0.76,1.316,0.2753,0.24,0.166,0.0654,0.8672,0.2383,0.043,29.74,0.2532,5,5,0,0,,202,229,72,23,231,136,-1.1982,-0.1904,,,0.9393,0.681,-1.6195,
Jordan Henderson,Chelsea,CEN,MEDIANO,90.0,-0.2532,-0.2842,-0.2842,-0.3045,-0.2842,-0.2052,,,,,,,,,0,0.0,,,0.0,0.0,0.0,0.9164,0.0,,36.27,0.0892,5,1,0,0,,203,218,245,183,267,136,,,,,,,-1.9102,
Ryan Gravenberch,Liverpool,CEN,MEDIANO,189.0,-0.2548,-0.2241,-0.2241,-0.2379,-0.2241,-0.1476,0.2082,11.8308,,,,,,,0,0.08,,-0.2828,-0.08,0.038,0.0524,1.029,0.0698,-0.248,24.36,0.71,5,5,0,0,,204,190,109,183,72,136,-0.3969,-1.1022,,,,-0.2533,0.9925,
Lisandro Martínez,Manchester United,DIF,CENTRALE,360.0,-0.2597,-0.0805,-0.0805,-0.0783,-0.0805,-0.2576,0.1281,11.4151,,,,,,,0,0.15,,-0.3873,-0.15,0.037,0.005,1.0732,0.14,,28.68,0.3272,5,4,0,0,,205,235,197,183,200,136,-0.8661,-1.1792,,,,-0.3443,-0.8146,
Shea Charles,Fulham,CEN,MEDIANO,305.0,-0.2649,-0.2344,-0.2344,-0.2455,-0.2344,-0.2686,0.1985,12.2476,,,,,,,0,0.06,,-0.2449,-0.06,0.018,0.0531,1.0593,0.0552,-0.39,27.56,0.4287,5,5,0,0,,206,239,120,183,176,136,-0.7894,-0.9661,,,,-0.1809,-0.3228,
Dan Ballard,Sunderland,DIF,CENTRALE,450.0,-0.2777,-0.1852,-0.1852,-0.1832,-0.1852,-0.1995,0.1298,11.4856,,,,,,,0,0.18,,-0.4243,-0.18,0.036,0.03,0.9991,0.0665,0.008,27.0,0.4862,5,5,0,0,,207,216,192,183,157,136,-0.7753,-1.1507,,,,-0.4296,-0.0745,
Justin Kluivert,Bournemouth,ATT,TREQUARTISTA,311.0,-0.2804,-0.1778,-0.1778,-0.1687,-0.1778,-0.2146,0.465,18.1949,,,,,,,1,1.08,0.926,-0.077,-0.08,0.313,0.0579,0.954,0.1625,,27.39,0.4458,5,4,0,0,,208,222,48,42,172,136,-0.4174,-0.4074,,,0.3255,0.1834,-0.5773,
Josh Acheampong,Chelsea,DIF,CENTRALE,218.0,-0.2834,-0.3276,-0.3276,-0.3247,-0.3276,-0.1374,0.13,11.1771,,,,,,,0,0.0,,,0.0,0.0,0.0,0.9782,0.0,,20.39,0.747,5,4,0,0,,209,184,191,183,44,136,-0.7656,-1.2756,,,,,1.1394,
Virgil van Dijk,Liverpool,DIF,CENTRALE,450.0,-0.2846,-0.1747,-0.1747,-0.1728,-0.1747,-0.2305,0.1217,11.5344,,,,,,,0,0.12,,-0.3464,-0.12,0.024,0.002,1.029,0.0309,0.188,35.21,0.1027,5,5,0,0,,210,228,213,183,264,136,-1.196,-1.1309,,,,-0.25,-1.8596,
Issa Diop,Ipswich,DIF,CENTRALE,450.0,-0.285,-0.1191,-0.1191,-0.1172,-0.1191,-0.2156,0.1219,12.2101,,,,,,,0,0.07,,-0.2646,-0.07,0.014,0.012,0.9836,0.0344,0.323,29.7,0.2556,5,5,0,0,,211,225,212,183,230,136,-1.1847,-0.8573,,,,-0.0613,-1.1479,
Nico González,Newcastle United,CEN,MEDIANO,170.0,-0.2867,-0.3218,-0.3218,-0.3448,-0.3218,-0.1654,,,,,,,,,0,0.0,,,0.0,0.0,0.0265,0.921,0.0,,24.72,0.6874,5,3,0,0,,212,200,245,183,86,136,,,,,,,0.8868,
Youri Tielemans,Manchester United,CEN,MEDIANO,408.0,-0.2874,-0.4397,-0.4397,-0.4488,-0.4397,-0.2677,0.2072,12.8185,,,,,,,0,0.36,,-0.6,-0.36,0.079,0.0728,1.0342,0.1267,-0.102,29.38,0.2759,5,5,0,0,,213,238,110,183,226,136,-0.4362,-0.7798,,,,-0.8595,-1.0372,
Lewie Coyle,Hull,DIF,TERZINO,359.0,-0.2885,-0.1264,-0.1264,-0.124,-0.1264,-0.2547,0.1267,13.2258,,,,,,,0,0.08,,-0.2828,-0.08,0.02,0.015,1.132,0.0338,0.088,30.94,0.1947,5,5,0,0,,214,233,199,183,241,136,-0.9377,-0.4461,,,,-0.1033,-1.4314,
Levi Colwill,Chelsea,DIF,CENTRALE,344.0,-0.2912,-0.1273,-0.1273,-0.125,-0.1273,-0.1971,0.1248,11.0428,,,,,,,0,0.05,,-0.2236,-0.05,0.013,0.0026,1.0311,0.0,,23.57,0.7428,5,4,0,0,,215,214,204,183,48,136,-1.0339,-1.33,,,,0.0333,1.1199,
Reinildo,Sunderland,DIF,TERZINO,360.0,-0.2958,-0.3655,-0.3655,-0.3633,-0.3655,-0.2597,0.1284,12.5234,,,,,,,0,0.0,,,0.0,0.0,0.0425,1.0296,0.0,,32.67,0.1441,5,4,0,0,,216,237,195,183,252,136,-0.8515,-0.7305,,,,,-1.6669,
Mikey Moore,Tottenham,ATT,ALA,90.0,-0.2965,-0.2958,-0.2958,-0.277,-0.2958,-0.1633,,,,,,,,,0,0.63,0.0,-0.7937,-0.63,0.63,0.02,1.0291,0.0857,,19.12,0.6915,5,2,0,0,,217,198,245,77,83,136,,,,,-1.1316,-0.8287,0.7521,
Jarrad Branthwaite,Everton,DIF,CENTRALE,450.0,-0.2986,-0.3029,-0.3029,-0.301,-0.3029,-0.1897,0.1282,12.3565,,,,,,,0,0.31,,-0.5568,-0.31,0.062,0.0,1.0693,0.0354,-0.429,24.24,0.7165,5,5,0,0,,218,211,196,183,66,136,-0.8588,-0.7981,,,,-0.7353,0.9975,
Oscar Bobb,Fulham,ATT,ALA,356.0,-0.2998,-0.4721,-0.4721,-0.4632,-0.4721,-0.1616,0.4588,18.6092,,,,,,,0,0.49,,-0.7,-0.49,0.124,0.2579,1.0593,0.2971,-0.139,23.2,0.7491,5,5,0,0,,219,197,54,183,38,136,-0.6018,-0.3195,,,,-0.6964,1.0638,
Adam Smith,Bournemouth,DIF,TERZINO,435.0,-0.3022,-0.0558,-0.0558,-0.2092,-0.0558,-0.3603,0.1243,11.7672,,,,,0.1382,,0,0.02,,-0.1414,-0.02,0.004,0.029,0.9328,0.0209,-0.347,35.4,0.1002,5,5,0,0,,220,253,206,183,266,136,-1.0603,-1.0367,,,,0.2229,-1.8713,
Kristoffer Ajer,Brentford,DIF,TERZINO,450.0,-0.307,-0.1466,-0.1466,-0.1446,-0.1466,-0.2526,0.1276,11.0376,,,,,,,0,0.13,,-0.3606,-0.13,0.026,0.03,1.0208,0.0649,0.159,28.44,0.3471,5,5,0,0,,221,232,198,183,194,136,-0.8908,-1.3321,,,,-0.2827,-0.722,
Kobbie Mainoo,Manchester United,CEN,MEDIANO,360.0,-0.3111,-0.3502,-0.3502,-0.3602,-0.3502,-0.1143,0.2033,11.8887,,,,,,,0,0.24,,-0.4899,-0.24,0.06,0.06,1.0342,0.1208,-0.001,21.43,0.7759,5,5,0,0,,222,169,113,183,11,136,-0.5932,-1.0833,,,,-0.6491,1.3007,
Diego Gómez,Brighton,ATT,ALA,442.0,-0.3122,-0.6548,-0.6548,-0.6472,-0.6548,-0.1979,0.4823,18.8609,,,,,,,0,1.22,0.0,-1.1045,-1.22,0.248,0.2586,1.0173,0.4369,-0.126,23.49,0.7446,5,5,0,0,,223,215,30,77,47,136,0.0942,-0.2661,,,-1.1316,-1.2677,1.0394,
Alexis Mac Allister,Liverpool,CEN,MEDIANO,311.0,-0.3154,-0.2086,-0.2086,-0.2195,-0.2086,-0.2551,0.1999,12.2754,,,,,,,0,0.09,,-0.3,-0.09,0.026,0.055,1.029,0.1128,-0.029,27.75,0.41,5,5,0,0,,224,234,118,183,183,136,-0.734,-0.9571,,,,-0.2862,-0.4102,
Pep Chavarría,Chelsea,CEN,QUINTO,197.0,-0.3178,-0.1951,-0.1951,-0.2087,-0.1951,-0.1806,0.2037,11.0068,,,,,,,0,0.03,,-0.1732,-0.03,0.014,0.032,0.9582,0.03,0.5,28.45,0.3462,5,5,0,0,,225,210,112,183,195,136,-0.5774,-1.3712,,,,-0.0439,-0.7085,
Mikkel Damsgaard,Brentford,ATT,TREQUARTISTA,287.0,-0.3186,-0.0659,-0.0659,-0.0557,-0.0659,-0.1937,0.4619,14.9906,,,,,,,0,0.14,,-0.3742,-0.14,0.044,0.323,1.0208,0.5067,0.082,26.22,0.5602,5,5,0,0,,226,212,50,183,131,136,-0.5092,-1.0869,,,,-0.2363,0.0417,
Milos Kerkez,Liverpool,DIF,TERZINO,387.0,-0.3213,-0.1331,-0.1331,-0.1309,-0.1331,-0.168,0.1248,11.485,,,,,,,0,0.08,,-0.2828,-0.08,0.019,0.0093,1.029,0.0289,0.162,22.88,0.7557,5,5,0,0,,227,202,205,183,28,136,-1.0364,-1.1509,,,,-0.1033,1.1799,
Jacob Greaves,Ipswich,DIF,CENTRALE,360.0,-0.3216,-0.3655,-0.3655,-0.3633,-0.3655,-0.2107,0.1235,12.5126,,,,,,,0,0.0,,,0.0,0.0,0.0125,1.0094,0.0,,26.03,0.5781,5,4,0,0,,228,221,207,183,124,136,-1.0998,-0.7349,,,,,0.3532,
Noah Okafor,Leeds,ATT,CENTRAVANTI,308.0,-0.325,0.9813,0.9813,0.9911,0.9813,-0.3968,0.4222,13.1335,,,,,,,1,0.2,,1.7889,0.8,0.058,0.0351,0.9901,0.1181,0.049,26.33,0.5498,5,5,0,0,,229,260,80,183,134,136,-1.6897,-1.4807,,,,2.8186,-0.0146,
Ellis Simms,Coventry,ATT,CENTRAVANTI,105.0,-0.328,-0.3272,-0.3272,-0.3067,-0.3272,-0.201,,,,,,,,,0,0.49,,-0.7,-0.49,0.42,0.0171,0.719,0.0,,25.71,0.6075,5,3,0,0,,230,217,245,183,115,136,,,,,,-0.6964,0.2976,
Wesley Fofana,Chelsea,DIF,CENTRALE,320.0,-0.3423,-0.3558,-0.3558,-0.3534,-0.3558,-0.2148,0.1252,12.1746,,,,,,,0,0.0,,,0.0,0.0,0.0084,0.879,0.0,,25.77,0.6021,5,4,0,0,,231,223,203,183,117,136,-1.0135,-0.8717,,,,,0.465,
Dominic Solanke,Tottenham,ATT,CENTRAVANTI,179.0,-0.3534,-0.168,-0.168,-0.1555,-0.168,-0.3603,0.4569,15.0118,,,,,,,0,0.37,,-0.6083,-0.37,0.186,0.0503,0.9757,0.5332,-0.25,29.02,0.3011,5,5,0,0,,232,253,55,183,218,136,-0.6579,-1.0824,,,,-0.5669,-1.3603,
Jérémy Jacquet,Liverpool,DIF,CENTRALE,421.0,-0.3584,-0.334,-0.334,-0.3319,-0.334,-0.1802,0.1205,11.1887,,,,,,,0,0.0,,,0.0,0.0,0.0128,1.029,0.0117,-0.122,21.2,0.7719,5,5,0,0,,233,209,214,183,17,136,-1.2562,-1.2709,,,,,1.2553,
Lewis Miley,Newcastle United,CEN,MEZZALA,405.0,-0.359,-0.2428,-0.2428,-0.2519,-0.2428,-0.1635,0.1889,13.6515,,,,,,,0,0.05,,-0.2236,-0.05,0.011,0.0311,0.8979,0.0466,0.099,20.4,0.7474,5,5,0,0,,234,199,129,183,42,136,-1.1801,-0.5078,,,,-0.1402,1.1674,
Ronald Araújo,Liverpool,DIF,TERZINO,282.0,-0.3626,-0.3378,-0.3378,-0.3351,-0.3378,-0.226,0.126,10.8923,,,,,,,0,0.0,,,0.0,0.0,0.0,1.029,0.0,,25.11,0.6586,5,5,0,0,,235,227,200,183,93,136,-0.9717,-1.3909,,,,,0.7279,
Xaver Schlager,Nottingham Forest,CEN,MEZZALA,374.0,-0.3652,-0.3915,-0.3915,-0.4012,-0.3915,-0.2818,0.1905,11.6941,,,,,,,0,0.17,,-0.4123,-0.17,0.041,0.0048,1.0266,0.0407,0.071,28.99,0.3033,5,5,0,0,,236,242,127,183,217,136,-1.1154,-1.1468,,,,-0.5008,-0.9091,
Jørgen Strand Larsen,Crystal Palace,ATT,CENTRAVANTI,299.0,-0.3654,0.6064,0.6064,0.6163,0.6064,-0.3776,0.433,14.0166,,,,,,,1,0.36,,1.0667,0.64,0.108,0.0542,1.0154,0.2239,0.149,26.63,0.5212,5,5,0,0,,237,257,77,183,141,136,-1.37,-1.2934,,,,1.7987,-0.1694,
Dango Ouattara,Brentford,ATT,ALA,180.0,-0.3664,-0.2372,-0.2372,-0.2247,-0.2372,-0.2576,0.4562,11.9259,,,,,,,0,0.06,,-0.2449,-0.06,0.03,0.21,1.0208,0.1697,-0.295,24.61,0.6948,5,5,0,0,,238,235,56,183,79,136,-0.6803,-1.7368,,,,-0.0537,0.7699,
Sven Botman,Newcastle United,DIF,CENTRALE,450.0,-0.3701,-0.1049,-0.1049,-0.103,-0.1049,-0.2773,0.1184,12.7966,,,,,,,0,0.04,,-0.2,-0.04,0.008,0.0,0.8979,0.01,0.25,26.7,0.5145,5,5,0,0,,239,240,217,183,146,136,-1.3651,-0.6199,,,,0.0877,0.0572,
Thiago,Brentford,ATT,CENTRAVANTI,444.0,-0.3742,-0.4844,-0.4844,-0.4769,-0.4844,-0.2086,0.476,20.2317,,,,,,,1,2.29,0.437,-0.8525,-1.29,0.464,0.0122,1.0208,0.4305,-0.088,25.24,0.6481,5,5,0,0,,240,219,39,59,96,136,-0.0923,0.0246,,,-0.444,-0.9118,0.5173,
Exequiel Palacios,Ipswich,CEN,MEDIANO,278.0,-0.3783,-0.6235,-0.6235,-0.6345,-0.6235,-0.3429,0.1958,13.1421,,,,,,,0,0.0,,,0.0,0.0,0.0324,0.9589,0.0,,27.97,0.389,5,4,0,0,,241,246,124,183,187,136,-0.8998,-0.6741,,,,,-0.5084,
Sean Steur,Newcastle United,CEN,MEDIANO,228.0,-0.3798,-0.45,-0.45,-0.4628,-0.45,-0.1545,0.2019,13.2525,,,,,,,0,0.0,,,0.0,0.0,0.0474,0.8979,0.0433,0.427,18.7,0.6736,5,5,0,0,,242,194,117,183,89,136,-0.6509,-0.6381,,,,,0.8223,
Brennan Johnson,Everton,ATT,ALA,241.0,-0.3806,-0.543,-0.543,-0.5318,-0.543,-0.1524,0.468,16.336,,,,,,,0,0.92,0.0,-0.9592,-0.92,0.344,0.0747,1.0693,0.3462,0.223,25.34,0.6398,5,5,0,0,,243,192,47,77,101,136,-0.329,-0.8016,,,-1.1316,-1.0625,0.4724,
Florian Wirtz,Liverpool,ATT,TREQUARTISTA,405.0,-0.382,-0.632,-0.632,-0.6238,-0.632,-0.1687,0.446,17.8078,,,,,,,0,0.97,0.0,-0.9849,-0.97,0.216,0.0956,1.029,0.3547,0.102,23.39,0.7466,5,5,0,0,,244,203,66,77,45,136,-0.9832,-0.4895,,,-1.1316,-1.0988,1.0502,
John Egan,Hull,DIF,CENTRALE,443.0,-0.3821,-0.0905,-0.0905,-0.0885,-0.0905,-0.3595,0.118,12.6054,,,,,,,0,0.03,,-0.1732,-0.03,0.006,0.0,1.132,0.0075,0.216,33.92,0.1212,5,5,0,0,,245,252,218,183,260,136,-1.3832,-0.6973,,,,0.1495,-1.7735,
Chris Richards,Crystal Palace,DIF,CENTRALE,450.0,-0.3901,-0.1237,-0.1237,-0.1217,-0.1237,-0.3569,0.1186,11.5146,,,,,,,0,0.05,,-0.2236,-0.05,0.01,0.0,1.0154,0.0065,-0.35,26.49,0.5345,5,5,0,0,,246,251,216,183,137,136,-1.3559,-1.139,,,,0.0333,0.1503,
Oliver McBurnie,Hull,ATT,CENTRAVANTI,444.0,-0.3939,-0.7583,-0.7583,-0.7508,-0.7583,-0.3717,0.4616,24.8439,,,,,,,0,1.64,0.0,-1.2806,-1.64,0.332,0.1135,1.132,0.4589,0.021,30.3,0.2229,5,5,0,0,,247,256,51,77,237,136,-0.5196,1.0026,,,-1.1316,-1.5164,-1.7834,
Tyler Adams,Bournemouth,CEN,MEDIANO,286.0,-0.3959,-0.1938,-0.1938,-0.6765,-0.1938,-0.3376,0.1947,11.4189,,,,,0.1071,,0,0.02,,-0.1414,-0.02,0.006,0.022,0.9328,0.023,0.219,27.61,0.4237,5,5,0,0,,248,245,125,183,178,136,-0.9439,-1.2367,,,,0.0169,-0.3462,
Harvey Barnes,Newcastle United,ATT,ALA,450.0,-0.4052,0.0661,0.0661,0.0735,0.0661,-0.4141,0.4379,19.6364,,,,,,,1,0.86,1.163,0.151,0.14,0.172,0.076,0.8979,0.2662,0.073,28.79,0.3185,5,5,0,0,,249,262,73,27,203,136,-1.2242,-0.1017,,,0.6985,0.5054,-1.2661,
Elliot Stroud,Hull,CEN,ESTERNO_C,260.0,-0.407,-0.2934,-0.2934,-0.3047,-0.2934,-0.3494,0.1968,13.9093,,,,,,,0,0.07,,-0.2646,-0.07,0.024,0.0104,1.1295,0.0145,,,,5,4,0,0,,250,248,122,183,270,136,-0.8587,-0.4237,,,,-0.2185,,
Lewis Cook,Bournemouth,CEN,MEDIANO,177.0,-0.4075,-0.5422,-0.5422,-0.8339,-0.5422,-0.4911,0.2025,11.1204,,,,,0.1072,,0,0.0,,,0.0,0.0,0.0153,0.9328,0.0039,-0.487,29.63,0.2599,5,5,0,0,,251,270,115,183,228,136,-0.6271,-1.3341,,,,,-1.1121,
Christos Tzolis,Arsenal,ATT,ALA,371.0,-0.41,-0.3809,-0.3809,-0.3722,-0.3809,-0.2098,0.4429,16.3221,,,,,,,0,0.24,,-0.4899,-0.24,0.058,0.2547,1.1546,0.248,-0.115,24.65,0.6922,5,5,0,0,,252,220,69,183,82,136,-1.0758,-0.8045,,,,-0.3997,0.7559,
Marcus Rashford,Manchester United,ATT,ALA,359.0,-0.4168,-0.6223,-0.6223,-0.6134,-0.6223,-0.356,0.4701,17.6004,,,,,,,0,1.32,0.0,-1.1489,-1.32,0.331,0.1128,1.0342,0.4652,0.114,28.9,0.31,5,5,0,0,,253,250,45,77,211,136,-0.267,-0.5334,,,-1.1316,-1.3304,-1.3121,
Malick Thiaw,Newcastle United,DIF,CENTRALE,450.0,-0.4223,-0.3434,-0.3434,-0.3415,-0.3434,-0.2965,0.1197,12.9676,,,,,,,0,0.0,,,0.0,0.0,0.014,0.8979,0.0103,-0.264,25.13,0.657,5,5,0,0,,254,244,215,183,94,136,-1.2961,-0.5506,,,,,0.7205,
Sandro Tonali,Tottenham,CEN,MEZZALA,436.0,-0.4232,-0.4227,-0.4227,-0.4313,-0.4227,-0.2832,0.1967,14.9557,,,,,,,0,0.26,,-0.5099,-0.26,0.054,0.0413,0.9757,0.0889,-0.112,26.38,0.545,5,5,0,0,,255,243,123,183,135,136,-0.8617,-0.082,,,,-0.6873,0.221,
Guemissongui Ouattara,Ipswich,ATT,TERZINO,124.0,-0.4417,-0.1761,-0.1761,-0.1628,-0.1761,-0.2449,0.4537,12.2101,,,,,,,0,0.01,,-0.1,-0.01,0.007,0.0871,0.9836,0.1315,0.1,24.61,0.6948,5,5,0,0,,256,231,59,183,79,136,-0.7556,-1.6765,,,,0.151,0.7699,
Loum Tchaouna,Coventry,ATT,ALA,214.0,-0.4523,-0.3846,-0.3846,-0.3735,-0.3846,-0.2437,0.4499,16.2301,,,,,,,0,0.21,,-0.4583,-0.21,0.088,0.0715,0.7588,0.1674,,23.04,0.75,5,4,0,0,,257,230,63,183,33,136,-0.8685,-0.824,,,,-0.3551,1.0686,
Harry Wilson,Leeds,ATT,ALA,141.0,-0.4648,-0.2754,-0.2754,-0.2624,-0.2754,-0.4315,0.4545,13.3682,,,,,,,0,0.01,,-0.1,-0.01,0.006,0.134,0.9314,0.0,,34.12,0.1181,5,4,0,0,,258,265,57,183,262,136,-0.7302,-1.4309,,,,0.151,-2.3504,
Rodrigo Bentancur,Tottenham,CEN,MEDIANO,378.0,-0.4847,-0.2397,-0.2397,-0.2493,-0.2397,-0.4275,0.1846,12.6548,,,,,,,0,0.03,,-0.1732,-0.03,0.007,0.0048,0.9757,0.0145,0.009,29.25,0.2847,5,5,0,0,,259,263,134,183,223,136,-1.3539,-0.8332,,,,-0.0439,-0.9961,
Frank Onyeka,Coventry,CEN,MEZZALA,318.0,-0.489,-0.2745,-0.2745,-0.2846,-0.2745,-0.4543,0.1898,14.2152,,,,,,,0,0.04,,-0.2,-0.04,0.011,0.0,0.8029,0.0,,28.73,0.3232,5,4,0,0,,260,267,128,183,201,136,-1.144,-0.3238,,,,-0.0951,-0.8161,
Ephron Mason-Clark,Coventry,ATT,TREQUARTISTA,240.0,-0.5138,-0.3531,-0.3531,-0.3425,-0.3531,-0.3992,0.4483,16.5378,,,,,,,0,0.33,,-0.5745,-0.33,0.124,0.0675,0.8558,0.3064,,27.08,0.4778,5,4,0,0,,261,261,64,183,162,136,-0.914,-0.7588,,,,-0.5192,-0.4042,
Matt Grimes,Coventry,CEN,MEZZALA,445.0,-0.5144,-0.321,-0.321,-0.3294,-0.321,-0.4279,0.1853,13.991,,,,,,,0,0.09,,-0.3,-0.09,0.018,0.0162,0.818,0.0377,0.097,31.19,0.1853,5,5,0,0,,262,264,133,183,243,136,-1.3229,-0.397,,,,-0.2862,-1.4609,
Daizen Maeda,Ipswich,ATT,ALA,262.0,-0.5526,-0.6402,-0.6402,-0.6295,-0.6402,-0.4481,0.4526,15.6612,,,,,,,0,0.79,0.0,-0.8888,-0.79,0.271,0.0,0.9836,0.1886,0.057,28.93,0.3078,5,5,0,0,,263,266,61,77,214,136,-0.7874,-0.9447,,,-1.1316,-0.9631,-1.324,
Ethan Ampadu,Leeds,CEN,MEZZALA,450.0,-0.5606,-0.1995,-0.1995,-0.2079,-0.1995,-0.3829,0.1883,12.9775,,,,,,,0,0.04,,-0.2,-0.04,0.008,0.05,0.9901,0.0697,0.202,26.02,0.579,5,5,0,0,,264,259,131,183,123,136,-1.2011,-0.7279,,,,-0.0951,0.38,
Jacob Murphy,Newcastle United,ATT,ALA,178.0,-0.5729,-0.3031,-0.3031,-0.2906,-0.3031,-0.3794,0.4434,13.4805,,,,,,,0,0.04,,-0.2,-0.04,0.02,0.0607,0.8979,0.048,0.5,31.58,0.1723,5,5,0,0,,265,258,68,183,246,136,-1.0612,-1.4071,,,,0.0097,-2.0572,
Mathys Tel,Tottenham,ATT,ALA,259.0,-0.5797,-0.5105,-0.5105,-0.5004,-0.5105,-0.2798,0.4344,15.7476,,,,,,,0,0.25,,-0.5,-0.25,0.087,0.0278,0.8878,0.072,,21.41,0.7756,5,4,0,0,,266,241,75,183,14,136,-1.3279,-0.9264,,,,-0.414,1.2071,
George Hemmings,Aston Villa,ATT,ALA,298.0,-0.5807,-0.4715,-0.4715,-0.4615,-0.4715,-0.3489,0.4455,17.158,,,,,,,0,0.26,,-0.5099,-0.26,0.079,0.1359,0.8672,0.1297,-0.235,20.63,0.7558,5,5,0,0,,267,247,67,183,26,136,-0.9982,-0.6273,,,,-0.4279,1.1,
Brandon Thomas-Asante,Coventry,ATT,CENTRAVANTI,226.0,-0.6369,-0.4109,-0.4109,-0.3995,-0.4109,-0.4717,0.4391,14.5212,,,,,,,0,0.26,,-0.5099,-0.26,0.104,0.0,0.818,0.1661,0.149,27.73,0.4119,5,5,0,0,,268,269,70,183,182,136,-1.1889,-1.1864,,,,-0.4279,-0.7608,
John McGinn,Aston Villa,ATT,ALA,447.0,-0.6495,-0.6322,-0.6322,-0.6248,-0.6322,-0.5296,0.4316,19.1592,,,,,,,0,0.55,0.0,-0.7416,-0.55,0.111,0.1007,0.8672,0.1912,-0.09,31.93,0.1621,5,5,0,0,,269,271,79,77,248,136,-1.4092,-0.2029,,,-1.1316,-0.7552,-2.1124,
Thomas Meunier,Sunderland,ATT,ALA,413.0,-0.6511,-0.5367,-0.5367,-0.5287,-0.5367,-0.3621,0.433,14.8836,,,,,,,0,0.55,0.0,-0.7416,-0.55,0.12,0.1155,0.9991,0.2799,0.139,25.65,0.6129,5,5,0,0,,270,255,76,77,111,136,-1.369,-1.1096,,,-1.1316,-0.7552,0.3268,
Omar Marmoush,Tottenham,ATT,ALA,344.0,-0.6566,-0.7862,-0.7862,-0.7778,-0.7862,-0.53,0.4376,17.904,,,,,,,0,0.65,0.0,-0.8062,-0.65,0.17,0.0523,0.9905,0.04,,27.62,0.4227,5,4,0,0,,271,272,74,77,179,136,-1.2331,-0.4691,,,-1.1316,-0.8464,-0.7023,
Brenden Aaronson,Leeds,ATT,TREQUARTISTA,198.0,-0.688,-0.3097,-0.3097,-0.2976,-0.3097,-0.4632,0.4318,11.5731,,,,,,,0,0.02,,-0.1414,-0.02,0.009,0.0,0.9901,0.0051,0.19,25.92,0.5883,5,5,0,0,,272,268,78,183,122,136,-1.4044,-1.8116,,,,0.0925,0.1937,
